FF1,FF2
1940.42,2005.47
2057.23,2116.39
2339.38,2331.52
2791.17,2671.16
3314.06,3066.62
4242.57,3961.6
3846.03,4091.82
3210.5,3160.72
3223.17,3063.66
3165.37,3302.7
3267.24,3357.01
3947.9,3568.03
7260.36,6842.26
10762.07,10494.55
11570.85,11777.64
12286.98,12476.16
12487.27,12735.28
12521.91,12769.92
12557.5,12721.87
12451.47,12821.35
12522.4,12744
12460.77,12733.71
12363.18,12679.04
12306.2,12643.9
12303.52,12391.41
12193.55,12573.13
12302.58,12348.62
12261.23,12521.91
12220.99,12590.54
12160.96,12408.6
12137.06,12334.13
12140.72,12311.55
12086.46,12456.41
12107.19,12454.52
12105.34,12278.67
12066.21,12268.51
12099.33,12260.74
12085.96,12244.16
12121.59,12325.78
12118.3,12337.51
12087.11,12352.53
12046.38,12264.07
12073.95,12270.73
12069.18,12188.9
12087.89,12465.79
12080.28,12313.81
12032.39,12338.08
12027.46,12352.16
12057.08,12277.19
11999.4,12247.36
12010.92,12334.3
12005.73,12171.58
12053.66,12064.16
11961.87,12243.99
11991.46,12208.24
11973.31,12090.24
11970.23,12237.61
11977.84,12072.1
11982.94,12098.18
11936.41,12067.9
11968.46,12173.51
11934.19,12133.65
11942.17,12180.75
11910.82,12030.42
11904.23,12055.43
11854.66,12011.21
11841.82,11917.44
11884.9,11998.78
11852.27,11945.75
11825.03,12004.46
11780.19,11926.74
11773.93,11882.22
11813.35,11928.38
11812.69,11904.64
11731.23,11960.72
11772.04,11862.6
11705.39,11901.64
11752.7,11780.89
11925.09,12021.41
12086.95,12029.27
12459.87,12543.76
12846.78,12842.5
13164.07,13176.16
13617.46,13549.41
13930.15,13961.09
14335.24,14486.94
14650.97,14757.29
14873.31,14874.17
14904.12,15083.71
14919.06,15039.28
14891.49,14875.45
14778.19,14925.89
14731.36,15070.22
14762.88,14907.74
14719.43,14878.57
14682.49,14915.03
14630.69,14907.46
14658.62,14697.46
14580.21,14767.98
14640.28,14772.59
14599.79,14738.77
14557.66,14709.89
14668.5,14725.93
14587.37,14789.79
14580.45,14619.21
14541.28,14897.75
14568.31,14712.11
14642.58,14816.2
14582.02,14762.18
14572.22,14739.18
14655.25,14746.59
14624.06,14689.36
14605.14,14815.54
14580.86,14714.7
14611.19,14768.31
14639.99,14626.08
14569.67,14686.15
14618.72,14696.97
14619.7,14782.18
14671.42,14672.28
14655.99,14848.29
14714.04,14798.26
14726.43,14709.27
14779.5,14848.79
14800.44,14909.92
14764.77,14956.54
14750.54,14894.21
14731.61,14900.54
14872.4,14873.88
14797.11,14941.11
14784.44,14800.32
14816.69,14974.4
14769.67,14916.43
14760,14950.82
14707.26,14850.8
14747.16,14854.22
14637.15,14862.65
14741.65,14736.88
14616.7,14833.23
14708.82,14856.6
14661.01,14754.82
14825.33,14754.65
14726.84,14860.22
14654.26,14814.68
14903.59,14799.17
14766.29,14896.55
14731.86,14863.27
14746.09,14907.21
14815.79,14898.61
14781.56,14896.84
14777.77,15042.53
14804.52,14868.21
14751.03,14879.07
14798.55,14987.4
14781.48,14881.45
14775.63,14854.38
14810.77,14994.27
14826.94,14873.39
14845.58,15000.03
14862.2,14926.83
14802.5,14959.34
14725.23,14878.33
14814.93,14862.9
14797.69,14905.52
14697.46,14770.57
14679.53,14751.94
14626.53,14742.64
14662.41,14743.96
14546.26,14664.14
14479.98,14563.25
14452.66,14622.79
14431.39,14524.42
14400.33,14580
14371.2,14506.19
14426.25,14434.48
14340.96,14435.51
14272.87,14368.07
14367.74,14465.17
14295.41,14423
14244.73,14329.89
14235.84,14319.44
14239.01,14416.09
14196.05,14255.09
14178.86,14253.65
14127.88,14267.48
14112.58,14256.74
14115.29,14196.46
14028.89,14300.93
13988.98,14115.83
14018.93,14172.4
13935.46,14147.79
13946.11,14110.72
13884.81,13983.14
13930.97,14079.42
13860.99,14044.48
13897.07,14036.67
13822.89,14007.58
13787.09,14002.56
13753.56,14026.63
13729.62,13923.98
13739.33,13918.13
13725.87,13884.97
13762.45,13781.99
13706.08,13993.76
13684.61,13836.18
13655.31,13935.83
13661.07,13890.9
13601.33,13869.38
13617.54,13659.47
13590.19,13812.81
13573.77,13804.99
13581.59,13697.94
13551.3,13686.75
13569.33,13852.8
13498.15,13707.65
13485.64,13777.67
13363.82,13544.52
12777.65,12977.12
12424.36,12708.58
12300.89,12483.52
12088.02,12285.96
11909.09,12138.79
11605.99,11874.53
11255.21,11495.89
10877.72,11046.24
10719.89,10816.54
10584.9,10705.04
10592.02,10694.1
10628.68,10787.54
10547.63,10689.53
10581.7,10801.07
10536.73,10546.27
10377.96,10417.91
10127.4,10292.71
9722.06,9791.18
9342.8,9679.43
8747.96,8903.4
8444.41,8753.92
8231.86,8296.13
8042.52,8254.66
8038.24,8196.93
7894.04,8045.07
7709.27,7823.97
7211.03,7624.84
6816.14,7139.68
6782.89,6860.37
6788.65,6944.58
6761.62,6861.72
6739.57,6868.68
6791.12,6909.37
6918.58,6980.42
6968.65,7059.21
6994.33,7050.4
6942.65,7127.14
7026.67,7103.97
6881.55,6959.15
6792.19,6951.5
6718.55,6863.62
6629.64,6803.18
6548.54,6660.78
6500,6596.89
6434.83,6519.5
6319.13,6438.03
6196.65,6387.84
5993.24,6188.21
5854.96,5915.68
5600.7,5657.27
5336.06,5704.87
5221.77,5214.03
5145.57,5307.76
4997.62,5111.71
4947.14,5080.24
4788.04,4967.38
4756.16,4912.17
4618.62,4764.1
4481.28,4672.1
4352.05,4504.85
4182.67,4325.68
4069.69,4207.52
3880.68,3972.63
3679.9,3829.12
3553.8,3694.46
3446.5,3561
3420.37,3518.62
3350.06,3473.53
3348.66,3452.46
3355.86,3474.02
3341.91,3462.21
3385.32,3467.93
3459.09,3571.61
3518.46,3644.93
3595.06,3673.77
3702.94,3872.2
3741.82,3852.33
3848.01,3936.88
3914.13,3988.43
3920.54,4081.99
3943.63,4024.47
3939.22,4065.49
4466.84,4399.82
4886.17,4902.5
5022.47,5130.43
5437.36,5458.71
5775.22,5799.58
6113.13,6138.84
6417.22,6453.63
6771.21,6913.73
7062.83,7088.46
7349.43,7441.92
7695.73,7798.13
7949.99,8027.22
8333.4,8282.67
8663.58,8624.37
8971.04,8894.22
9227.23,9422.58
9465.41,9607.14
9834.17,9945.42
10123.24,10256.58
10374.87,10498.22
10685.05,10718.04
10981.36,11183
11309.39,11414.02
11603.6,11762.25
11807.26,11974.05
12162.82,12287.68
12509.32,12636.45
12631.02,12818.39
12845.71,12991.47
12820.77,13042.53
12787.12,12956.38
12747.87,13068.37
12735.85,13016.86
12763.71,12922.85
12673.11,12973.58
12673.81,12864.38
12579.22,12953.54
12554.7,12730.67
12592.72,12895.65
12554.17,12842.08
12491.96,12737.5
12526.23,12659.82
12478.79,12827.19
12504.8,12688.05
12448.31,12633.41
12436.25,12699.85
12409.84,12588.56
12430.49,12564.21
12442.09,12729.52
12442.79,12692.16
12442.46,12639.17
12420.86,12522.08
12361.99,12711.04
12416.58,12589.88
12420.37,12708.29
12453.29,12488.75
12486.12,12741.08
12509.77,12640.98
12452.87,12746.8
12533.1,12734.7
12549.11,12549.11
12465.71,12864.67
12527.88,12693.23
12503.31,12665.42
12540.18,12742.27
12548.45,12660.4
12534.91,12722.07
12507.35,12741.61
12574.57,12815.59
12488.09,12641.39
12470.69,12648.79
12484.39,12627.94
12495.58,12618.27
12479.95,12650.36
12490.6,12558.08
12400.79,12704.13
12441.19,12653.57
12373.63,12507.3
12426.95,12597.86
12372.73,12504.47
12368.37,12650.19
12413.13,12563.59
12372.15,12588.85
12443.49,12590.66
12357.13,12481.55
12342.94,12581.69
12391.78,12567.09
12322.62,12490.73
12308.59,12463.53
12310.77,12539.15
12305.62,12537.92
12299.25,12431.15
12329.03,12399.96
12279.99,12356.43
12233.91,12342.61
12250,12305.33
12175.98,12370.75
12169.73,12304.92
12179.03,12424.16
12152.45,12342.2
12182.4,12324.14
12144.22,12235.56
12117.97,12281.6
12116,12270.32
12162.94,12222.39
12154.18,12297.35
12091.39,12285.26
12187.17,12240.82
12084.93,12329.65
12100.61,12198.36
12049.67,12286.08
12105.87,12153.64
12108.18,12306.53
12093.7,12296.12
12059.46,12152.94
12108.59,12242.71
12101.06,12229.63
12096.66,12102.91
12019.14,12098.3
12071.07,12188.94
12012.15,12076.42
11973.48,12018.65
11962.29,12139.82
11960.48,11999.15
11952.33,12125.05
11934.14,12039.96
11955.54,11969.73
11963.19,11945.05
11925.22,12133.15
11930.85,12115.54
11913.16,11943.44
11925.59,12013.26
11945.91,11942.33
11888.64,11857.37
11898.19,11964.43
11834.74,11982.03
11836.22,11966.56
11819.48,11919.09
11826.19,11934.64
11816.06,11925.46
11813.76,11956.77
11798.13,11930.36
11860.99,11861.94
11799.61,12000.14
11806.85,11929.95
11795.49,11796.19
11800.22,11972.74
11828.32,11808.17
11792.94,11993.55
11739.87,11792.2
11794.34,11733.53
11784.01,11891.4
11687.37,11690.82
11730.16,11725.47
11709.71,11826.84
11697.65,11815.57
11689.47,11838.08
11730.57,11873.25
11646.6,11766.28
11683.63,11757.56
11645.73,11750.89
11613.23,11726.54
11620.64,11624.09
11624.09,11717.12
11625.16,11791.3
11593.73,11684.98
11600.15,11627.22
11617.3,11622.36
11601.87,11714.77
11569.37,11650.01
11597.64,11641.04
11571.18,11697.41
11545.3,11639.23
11510.54,11531.77
11541.64,11606.98
11490.95,11616.93
11525.1,11507.45
11524.86,11489.8
11512.1,11569.33
11491.36,11517.78
11452.57,11642.77
11498.61,11616.32
11498.85,11499.76
11468.98,11398.96
11481.98,11474.58
11442.2,11631.87
11452.48,11543.41
11460.1,11554.52
11473.67,11404.18
11433.11,11350.45
11413.15,11517.2
11401.18,11418.91
11358.14,11436.97
11353.17,11380.07
11334.82,11322.43
11361.68,11382.91
11345.47,11434.42
11164.53,11287.05
11039.74,11138.98
10914.25,10973.05
10681.92,10817.69
10368.25,10334.02
10195.61,10144.43
10008.66,10028.61
9758.76,9701.77
9433.48,9400.94
9170.21,9212.3
8901.09,9026.13
8745.98,8821.44
8655.3,8801.98
8437.91,8493.86
8409.85,8493.53
8348.05,8390.88
8315.38,8454.73
8282.22,8464.86
8297.98,8400.3
8333.24,8452.06
8442.35,8484.97
8433.22,8437.87
8771.86,8876.41
9442.49,9571.89
10073.46,10023.3
10518.25,10617.49
10910.1,10846
11132.89,11115.15
11245.82,11296.92
11241.22,11263.27
11258.17,11184.93
11132.19,11196.45
10992.38,11154.78
10835.63,10877.27
10657.48,10642.18
10601.9,10639.79
10882.45,10797.16
11080.76,11135.07
11129.8,11160.33
11143.63,11298.69
11268.62,11361.35
11185.43,11306.47
11254.55,11238.58
11244.51,11294.5
11228.09,11313.63
11234.88,11152.02
11245.78,11168.68
11214.56,11283.84
11186.74,11133.34
11195.92,11085.7
11175.76,11213.24
11173.17,11115.32
11156.71,11141.49
11178.51,11119.06
11186.25,11153.75
11111.41,11169.92
11076.4,11187.52
11091.54,11035.34
10989.92,10957.17
10986.05,10926.97
10871.55,10780.7
10854.84,10793.17
10773.18,10901.38
10706.69,10845.63
10491.43,10543.68
10112.46,10102.09
9737.77,9864.99
9368.15,9477.42
8943.8,8989.63
8507.73,8662.5
7913.75,7986.82
7588.14,7680.05
7248.96,7444.55
6980.96,7150.79
6736.07,6852.84
6552.37,6654.49
6323.9,6526.94
6243.51,6319.95
6072.07,6248.37
5941.11,6014.3
5859.57,5922.76
5661.38,5786.91
5456.9,5653.44
5365.03,5520.14
5303.11,5464.59
5254.97,5289.16
5081.88,5223.91
5134.46,5135.9
5013.5,5118.71
4980.55,5068.14
4927.27,4918.13
4894.52,5076.45
4870.78,4798.16
4784.01,4921.3
4787.42,4850.62
4694.48,4833.22
4678.81,4790.63
4652.6,4771.75
4618.37,4709.25
4599.15,4684.94
4568.75,4656.88
4603.93,4671.69
4591.54,4672.96
4588.87,4704.52
4589.65,4735.38
4624.7,4718.18
4637.58,4703.66
4631.29,4729.82
4653.5,4725.01
4594.5,4696.13
4617.13,4696.75
4612.57,4746.57
4656.75,4730.89
4682.39,4706
4735.38,4778.62
4729.91,4801.78
4748.05,4831.12
4806.06,4858.07
4841.36,4876.66
4864.69,4946.19
4933.32,4987.34
5011.28,5067.61
4994.41,5074.07
5039.67,5090.77
5039.46,5109.53
5057.77,5139.65
5096.57,5158.45
5167.05,5186.55
5143.93,5221.77
5178.4,5311.13
5213.46,5279.95
5247.32,5278.92
5287.15,5565.23
5315.33,5425.71
5381.12,5335.24
5352.89,5451.8
5381.4,5452.95
5373.96,5460.27
5413.62,5429.87
5406.75,5400.41
5379.02,5420.69
5766.42,5638.71
5967.24,6010.64
6204.71,6190.03
6417.87,6438.49
6630.01,6660.16
6936.69,6902.7
7178.52,7087.84
7438.05,7452.37
7645.7,7668.12
7947.57,7912.1
8094.03,8154.68
8419.52,8479.42
8702.21,8718.58
8877.23,8909.28
9164.24,9121.08
9440.31,9359.34
9637.3,9692.97
9911.44,10007.34
10144.18,10276.7
10322,10356.23
10669.99,10494.8
10887.14,10741.82
11048.42,11069.57
11191.84,11319.39
11193.45,11278.82
11223.85,11310.25
11243.85,11318.93
11237.35,11269.19
11204.19,11272.12
11196.49,11244.22
11147.74,11142.84
11109.52,11138.24
11078.91,11075.57
11064.55,11108.57
11095.78,11148.52
11079.36,11164.98
11077.47,11032.25
11041.02,11038.46
10938.82,10956.88
10933.22,10926.23
10999.5,10905.45
10946.39,10949.18
10899.57,10836.41
10956.55,11019.58
10937.42,10908.95
10964.24,11083.06
10896.19,10865.21
10893.23,10943.79
10947.87,10992.92
10893.19,10935.65
10924.17,10756.84
10929.11,11025.46
10926.93,10823.78
10933.55,10803.04
10918.49,10879.98
10875.29,10942.72
10865.13,10871.05
10853.24,10845.67
10887.63,10938.4
10849.13,10813.54
10812.01,10679.29
10865.46,11041.26
10857.76,10892.78
10814.4,10873.44
10908.86,10776.96
10889.9,10815.47
10875.46,10764.95
10820.24,10868.91
10833.41,10893.89
10803.62,10790.37
10850.07,10788.56
10772.68,10709.32
10829.25,10883.85
10820.08,10759.27
10816.99,10749.39
10772.6,10769.64
10788.48,10969.06
10750.88,10756.8
10738.62,10828.64
10725.86,10802.1
10693.11,10639.05
10789.14,10666.53
10775.52,10688.46
10722.69,10819.01
10722.73,10648.63
10716.85,10587.83
10746.02,10660.2
10758.65,10654.56
10707.59,10673.2
10689.7,10650.98
10687.88,10587.95
10700.68,10736.89
10687.52,10714.59
10678.96,10600.91
10678.75,10672.25
10654.44,10638.6
10647.36,10602.14
10701.5,10677.23
10632.47,10578.9
10688.38,10735.9
10642.71,10639.5
10670.73,10628.11
10623,10704.59
10610.5,10520.15
10592.02,10546.19
10603.75,10621.97
10592.6,10590.67
10599.72,10624.69
10562.4,10635.06
10557.67,10615.93
10535.33,10618.39
10527.39,10457.16
10598.93,10559.19
10573.06,10554.91
10592.64,10481.92
10543.06,10484.06
10486.08,10529.03
10493.44,10548.7
10513.11,10556.11
10508.54,10423.63
10481.55,10565.65
10494.97,10513.32
10465.8,10417.7
10455.1,10440.49
10452.1,10402.56
10464.15,10521.87
10512.66,10527.92
10524.92,10414.82
10430.46,10506.53
10462.42,10435.39
10415.81,10480.61
10394.08,10359.36
10399.93,10243.71
10391.21,10393.34
10310.4,10345.91
10334.02,10308.18
10393.67,10284.97
10414.9,10466.13
10377.42,10438.23
10353.15,10423.79
10347.22,10345.99
10348.42,10336.24
10345.08,10399.84
10406.84,10390.05
10413.67,10354.18
10382.28,10357.38
10348.83,10370.3
10398.45,10306.24
10330.31,10403.71
10314.47,10221
10269.83,10346.48
10315.17,10299.37
10268.68,10337.88
10302.09,10215.36
10261.36,10252.88
10195.78,10151.42
10247.78,10168.83
10204.91,10239.92
10278.93,10247.74
10219.23,10301.72
10236.05,10197.63
10315.34,10200.59
10254.69,10322.74
10250.33,10301.68
10254.86,10371.62
10230.95,10272.59
10230.99,10164.01
10192.94,10189.93
10211.08,10105.02
10204.09,10156.07
10170.23,10175.53
10143.77,10037.29
10222.27,10155.5
10116.95,10048.11
10159.49,10226.55
10182.53,9957.6
10171.01,10186.85
10151.42,10202.2
10144.39,10133.73
10142.91,10273.13
10117.28,10114.97
10098.23,10071.24
10083.74,10161.22
10156.16,10267.82
10082.96,10177.18
10163.68,10139.37
10154.35,10212.48
10125.34,10158.42
10178.58,10193.14
10158.95,10161.13
10140.32,10114.23
10104.19,10044.25
10087.94,10069.63
10033.3,9987.47
10056.55,10123.2
10073.62,10116.66
9989.94,9947.89
10003.89,9967.35
10076.54,9941.6
10014.25,10103.45
10085.18,10037.25
10035.98,10137.6
10090.86,9962.37
10026.47,10060.58
10014.83,9995
10008.53,9938.06
10077.61,10008
10010.8,9989.94
10037.79,9951.92
9959.78,10074.45
10011.46,9913.54
10030.38,9884.94
9994.18,10015.36
10006.19,9947.15
10007.59,10046.67
10012.28,10048.61
9942.05,9846.47
9914.19,10004.87
10028.12,9874.37
9966.12,10024.17
9977.88,9991.21
9969.41,9889.59
9968.67,9916
9909.75,10015.73
9925.59,9892.22
9959.66,9983.07
9974.84,9997.63
9929.29,9944.31
9941.1,9944.97
9937.4,9930.9
9975.5,9818.7
9957.35,9927.52
9948.42,9880.83
9967.76,9865.65
9955.25,10046.71
9972.21,9906.95
9974.18,9954.43
10012.11,9957.97
10005.86,9774.97
9952.58,9924.6
9934.44,9914.77
9966.73,9920.53
9950.69,9887.66
9919.3,10005.45
9966.12,9938.3
9974.92,9894.2
9932.79,9772
9924.15,9799.37
9974.1,9961.1
9926.37,9872.93
9908.02,9909.67
9935.09,9744.03
9895.97,9883.5
9891.07,9873.3
9890.91,9812.41
9907.2,9889.43
9892.06,9781.71
9918.72,9739.95
9850.75,9774.43
9810.93,9829.36
9833.72,9826.89
9793.48,9681.65
9779.41,9688.69
9793.23,9729.3
9825.24,9727.82
9799.98,9707.12
9782.7,9555.59
9807.96,9785.83
9816.85,9668.65
9801.22,9772.38
9790.93,9789.78
9810.31,9754.44
9786.49,9692.8
9816.73,9689.43
9788.01,9686.92
9775.42,9700.46
9772.09,9701.69
9789.61,9669.11
9741.06,9682.31
9809.16,9781.92
9771.84,9670.71
9794.63,9581.22
9743.2,9710.21
9728.56,9650.02
9724.2,9635.16
9744.52,9751.64
9707.04,9631.87
9754.15,9658.74
9681.98,9663.72
9669.11,9606.77
9698.85,9631.09
9698.03,9710.04
9699.35,9607.27
9711.48,9616.65
9660.84,9584.43
9673.26,9523.09
9656.06,9581.23
9687.17,9751.72
9759.25,9565.96
9663.43,9543.21
9626.85,9699.02
9690.13,9657.13
9707.99,9535.93
9633.6,9633.6
9676.43,9556.79
9663.68,9719.42
9676.72,9622.66
9702.8,9524.78
9588.26,9454.92
9656.52,9598.13
9668.45,9571.23
9640.1,9682.77
9677.29,9498.08
9648.74,9431.79
9671.86,9561.11
9610.11,9491.66
9648.33,9598.5
9632.08,9580.69
9600.77,9503.05
9644.13,9668.82
9600.19,9423.94
9596.33,9599.53
9580.69,9563.66
9565.96,9472.57
9556.5,9575.01
9507.58,9583.08
9499.19,9608.54
9556.91,9388.8
9545.31,9527.7
9503.67,9455.45
9465.24,9448.99
9510.54,9447.35
9460.76,9449.45
9450.8,9462.69
9485.57,9428.87
9454.13,9476.11
9482.65,9364.9
9440.11,9423.44
9445.41,9498.08
9442.53,9371.56
9427.15,9452.04
9394.48,9459.15
9442.66,9286.35
9399.29,9347.82
9400.53,9329.02
9363.99,9266.44
9404.85,9357.12
9440.48,9288.33
9377.28,9262.45
9371.93,9460.72
9340.79,9208.84
9326.71,9371.93
9313.1,9294.87
9337.5,9215.01
9309.97,9322.72
9359.96,9373.74
9333.5,9218.39
9323.34,9299.36
9352.8,9298.57
9329.14,9219.54
9301.25,9208.96
9322.72,9336.96
9275.16,9343.91
9275.45,9211.76
9307.5,9249.16
9301.49,9280.06
9329.51,9276.15
9332.15,9248.42
9325.11,9202.59
9281.38,9318.16
9260.97,9283.6
9264.14,9276.27
9281.54,9146.18
9294.58,9161.4
9307.5,9170.37
9286.56,9180.12
9290.14,9208.02
9260.6,9199.67
9293.97,9244.55
9284.3,9122.36
9248.91,9322.31
9215.01,9254.67
9218.22,9298.04
9247.93,9174.32
9217.52,9239.16
9267.02,9249.28
9229.17,9212.38
9260.35,9196.5
9282.16,9118.08
9229.87,9217.97
9207.2,9118.12
9190.49,9186.58
9184.81,9147.99
9200.78,9070.6
9142.07,9119.89
9182.51,9124.79
9219.5,9142.15
9120.14,9254.06
9217.89,9172.18
9111.99,9058.42
9164.94,9131.53
9173.75,9078.75
9192.22,9110.02
9151.65,9138.32
9192.14,9067.56
9166.96,9227.69
9140.38,9023.12
9145.07,9074.14
9186.17,8989.59
9159.63,9088.09
9109.4,9146.51
9141.74,9042.05
9148.44,9033.37
9112.24,9113.97
9102.45,9044.97
9045.01,9057.06
9124.83,9019.46
9111.91,9068.21
9101.29,9036.7
9096.85,9035.46
9070.03,8990.25
9093.52,8997.2
9055.58,9065.54
9084.01,8925.12
9041.02,9004.69
9006.34,9023.21
9018.8,8915.99
9021.97,8916.52
8979.59,9026.41
9034.89,8925
9000.08,8986.42
8991.94,9034.97
8992.68,8979.47
9006.34,8856.58
8873.69,8774.04
8963.92,8871.51
8900.93,8873.12
8960.42,8865.22
8866.45,8964.21
8921.33,8745.08
8912.53,8816.42
8825.39,8731.75
8873.53,8786.22
8802.23,8788.86
8809.01,8703.85
8808.69,8767.63
8819.34,8710.27
8766.06,8721.87
8806.01,8737.02
8741.95,8680.32
8780.79,8620.46
8731.58,8601.9
8762.56,8634.73
8764.09,8682.79
8726.07,8675.14
8775.2,8643.95
8727.1,8686.25
8758.57,8775.4
8703.03,8621.86
8744.83,8765.61
8720.02,8484.73
8694.97,8698.83
8714.96,8587.5
8674.97,8670.36
8701.14,8686.82
8687.31,8743.1
8696.78,8587.17
8682.95,8664.11
8699.45,8649.79
8673.9,8607.5
8614.57,8639.05
8685.17,8686.82
8645.35,8576.48
8625.11,8497.32
8630.7,8524.92
8633.66,8553.31
8600.46,8464.9
8595.4,8586.55
8581.62,8568.99
8597.95,8586.14
8601.9,8495.96
8579.73,8606.88
8611.53,8467.98
8595.48,8424.66
8598.2,8479.71
8525.71,8394.42
8493.7,8456.26
8517.07,8517.07
8452.27,8470.16
8430.42,8527.02
8470.94,8440.46
8461.03,8334.93
8401.91,8444.12
8345.91,8372.82
8372.49,8393.47
8407.79,8269.01
8324.11,8317.52
8315.88,8304.36
8221.33,8250.71
7955.88,7972.91
7815.46,7739.88
7590.53,7455.54
7490.55,7372.47
7235.67,7198.77
7046.91,7038.27
6958.61,6901.26
6927.55,6790.59
6915.17,6819.26
6853.41,6717.93
6789.64,6762.45
6867.57,6818.65
6845.76,6758.25
6718.18,6687.44
6630.99,6528.88
6466.09,6340.94
6412.03,6306.38
6260.34,6205.91
6179.41,6100.91
6086.67,6016.9
5951.03,5900.46
5729.47,5853.02
5787.11,5778.97
5789.13,5723.3
5741.24,5718.69
5713.67,5694.01
5664.18,5579.14
5639.2,5559.72
5632.87,5536.68
5550.46,5532.15
5495.25,5446.49
5434.85,5389.26
5355.73,5325.2
5360.05,5253.12
5318.7,5239.91
5267.19,5210.58
5047.69,5022.8
4857.08,4787.75
4734.39,4698.23
4666.34,4631.29
4636.55,4611.74
4633.51,4604.05
4652.85,4613.92
4654.41,4587.26
4711.31,4633.55
4668.36,4606.11
4652.76,4657.37
4601.01,4556
4564.47,4603.47
4541.47,4533.82
4461.61,4459.56
4435.94,4425.04
4454.62,4423.31
4491.24,4436.8
4495.1,4438.66
4398.58,4372.21
4449.6,4431.42
4442.32,4419.57
4443.96,4414.79
4450.67,4361.35
4441.04,4386.94
4433.88,4427.22
4459.56,4434.13
4467.25,4420.31
4530.28,4475.03
4540.03,4509.42
4672.39,4637.38
4689.71,4642.97
4685.76,4701.72
4748.83,4740.48
4724.56,4717.44
4747.15,4704.77
4721.68,4697.77
4765.66,4705.01
4712.5,4712.26
4732.62,4687.73
4752.91,4715.18
4775.7,4722.05
4795.04,4785.94
4838.65,4821.53
4884.69,4882.59
4892.21,4847.37
4910.81,4872.47
4958.7,4937.55
5037.16,4943.48
5048.02,4996.18
5034.69,5013.42
5062.05,4966.19
5052.01,5039.01
5038.89,5001.41
5026.26,5023.17
5068.72,4982.32
5009.06,4954.63
4992.93,4942.53
4943.64,4921.51
4919.78,4884.81
4957.55,4946.65
4905.38,4880.82
4939.49,4906.45
4933.77,4846.55
4882.34,4859.92
4905.09,4900.98
4889.25,4872.55
4894.77,4855.84
4877.65,4820.38
4849.47,4801.25
4762.78,4791.91
4710.94,4717.03
4745.29,4678.72
4729.04,4641.57
4679.05,4671.28
4694.56,4641.08
4691.73,4644.12
4708.27,4641.28
4635.57,4604.83
4585.7,4608.66
4607.38,4639.97
4569.98,4546.33
4611.5,4543.24
4596.19,4596.73
4644.41,4548.38
4607.38,4632.93
4622.98,4575.58
4607.34,4598
4679.96,4601.21
4649.55,4619.15
4664.2,4620.59
4671.24,4658.4
5495.29,5228.11
5661.92,5541.94
5715.98,5621.92
5893.71,5823.69
6106.63,6000.44
6326.87,6141.15
6549.37,6419.19
6765.86,6603.72
6868.96,6848.89
7048.51,6864.77
7275.95,7140.34
7502.81,7378.56
7652.65,7556.3
7901.69,7694.45
8004.84,7972.5
8050.18,7976.82
8063.59,7992.33
8058.65,7978.13
8173.23,7958.35
8135.59,8193.6
8089.76,8024.01
8112.88,7954.52
8107.49,7989.66
8139.91,7981.51
8142.95,8024.42
8075.77,7980.15
8061.45,7976.45
7970.52,7933.17
8003.36,7798.92
7927.94,7911.2
7979.7,7907.45
7980.19,7875.24
7965.92,7861.87
7835.62,7797.89
7885.32,7768.76
7846.11,7817.6
7868.57,7735.39
7871.08,7822.25
7846.07,7802.78
7830.47,7706.67
7771.1,7707.7
7827.59,7719.06
7820.19,7767.57
7828.79,7644.01
7733.62,7664.58
7824.3,7631.3
7811.55,7761.19
7802,7698.57
7776.95,7671.99
7732.47,7753.5
7750.86,7631.59
7749.42,7726.42
7694.87,7655.2
7801.43,7779.42
7782.75,7697.17
7777.65,7815.62
7708.28,7724.57
7762.01,7626.86
7736.58,7635.99
7729.51,7665.12
7678.99,7693.51
7697.58,7756.25
7746.29,7657.92
7578.27,7532.89
7428.84,7367.86
7136.89,7176.96
6786.35,6680.9
6365.38,6474.82
6110.41,6048.66
6103.38,6013.11
6018.54,5902.15
5630.85,5753.42
5522.03,5506.64
5490.47,5446.94
5399.92,5318.37
5301.26,5208.81
5226.09,5227.45
5194.08,5214.69
5116.94,5112
5008.4,5060.12
4991.82,4939.36
4968.74,4942.98
4866.46,4915.58
4812.81,4800.3
4756.16,4759.57
4727.36,4691.85
4684.48,4661.69
4628.98,4593.15
4562.25,4567.84
4532.5,4527.24
4563.57,4562.95
4568.21,4522.42
4552.21,4532.21
4504.48,4496.13
4499.22,4457.13
4466.67,4463.01
4421.42,4440.84
4355.14,4343.08
4291.53,4249.15
4160.86,4199.08
4141.15,4131.11
4128.97,4122.76
4120.13,4154.73
4110.25,4080.96
4144.73,4081.21
4118.19,4129.43
4143.91,4114.33
4148.48,4108.73
4132.18,4119.8
4130.83,4147.61
4133.54,4117.7
4190.4,4144.9
4207.35,4210.56
4236.15,4188.96
4252.28,4183.57
4265.16,4287.42
4261.82,4285.03
4336.17,4285.77
4369.82,4333.99
4356.91,4370.69
4435.41,4406.73
4428.66,4412.37
4407.96,4431.58
4429.19,4409.98
4461.86,4448.94
4435.04,4460.05
4467.33,4426.77
4450.01,4398.67
4446.72,4427.59
4463.67,4423.64
4450.05,4427.55
4476.22,4432.44
4468.77,4430.51
4476.1,4433.1
4462.11,4436.97
4460.54,4440.14
4478.89,4460.05
4472.19,4463.05
4451.58,4422.69
4502.55,4468.61
4502.88,4462.97
4496.67,4430.39
4522.67,4493.71
4503.17,4457.99
4496.34,4469.1
4480.62,4473.13
4516.99,4493.95
4519.75,4479.68
4494.16,4475.11
4460.71,4446.6
4470.54,4457.09
4495.89,4478.81
4463.59,4419.4
4466.06,4437.67
4493.21,4433.55
4438.57,4445.86
4395.66,4357.89
4422.82,4381.47
4400.64,4391.75
4384.1,4357.85
4326.58,4345.38
4391.09,4362.13
4319.3,4301.44
4316.5,4275.11
4333.87,4303.63
4343.16,4304.12
4302.47,4296.92
4297.54,4314.08
4371.43,4250.3
4316.71,4316.58
4344.52,4323.62
4346.99,4333.37
4344.69,4339.42
4345.92,4352.13
4347.77,4337.28
4379.04,4327.98
4335.76,4263.1
4350.08,4287.13
4337.53,4309.43
4328.27,4267.21
4359.25,4305.68
4368.14,4363.04
4454.87,4426.44
4458.2,4400.72
4463.67,4390.27
4511.07,4476.26
4485.6,4465.11
4516.62,4493.38
4550.32,4511.56
4570.97,4523.2
4569.94,4548.8
4579.73,4545.63
4627.25,4606.6
4613.1,4592.41
4651.53,4595.25
4657.08,4595.45
4671.94,4622.36
4717.6,4650.38
4691.81,4640.01
4713.16,4632.6
4702.79,4680.12
4751.18,4679.34
4744.96,4719.54
4739.82,4709.21
4782.86,4723.04
4769.9,4713.08
4773.64,4718.3
4740.27,4720.73
4774.13,4721.97
4793.51,4720.65
4757.97,4668.19
4694.48,4641.41
4669.02,4612.9
4634.13,4624.13
4612.61,4588.17
4564.06,4537.85
4571.34,4529.66
4551.14,4484.65
4500.86,4467.42
4448.12,4424.58
4420.72,4385.91
4400.89,4350.53
4397.92,4365.34
4359.29,4320.08
4370.15,4329.96
4382.54,4333.45
4365.26,4321.52
4391.18,4325.97
4368.01,4334.15
4401.96,4371.59
4376.45,4340.9
4366.66,4346.46
4403.11,4320.7
4386.73,4397.02
4419.73,4368.59
4417.01,4396.28
4472.15,4427.63
4472.31,4388.67
4462.19,4462.44
4452.85,4441.12
4493.38,4475.81
4478.85,4445.65
4461.78,4429.89
4470.17,4418.58
4479.88,4475.44
4463.14,4476.67
4455.89,4443.06
4475.11,4448.61
4486.46,4433.88
4506.25,4460.5
4504.86,4488.4
4528.64,4501.69
4514.28,4461.61
4533.94,4486.3
4601.58,4548.42
4586.15,4548.75
4634,4573.03
4667.99,4627.75
4714.52,4660
4742.04,4665.44
4744.68,4668.36
4766.48,4699.75
4773.06,4747.35
4769.77,4758.75
4809.31,4745.54
4806.88,4740.6
4766.81,4750.48
4794.87,4767.02
4807.71,4733.16
4841.28,4729.54
4796.68,4757.31
4821.12,4720.65
4753.6,4772.9
4784.75,4748.38
4784.5,4730.03
4764.38,4745.25
4796.6,4714.35
4755.42,4721.8
4752.7,4729.7
4771.05,4764.71
4733.44,4710.61
4761.96,4756.98
4733.86,4708.8
4758.99,4694.32
4788.78,4746.69
4760.06,4725.46
4769.61,4720.07
4692.1,4719.25
4720.85,4709.87
4727.27,4722.21
4742.45,4736.24
4750.97,4732.17
4744.88,4714.89
4731.3,4757.27
4735.3,4705.51
4740.23,4714.72
4730.85,4743.77
4752.25,4718.63
4718.14,4716
4738.59,4725.22
4723.82,4695.92
4731.76,4725.67
4731.84,4713.41
4750.81,4734.97
4729.29,4705.14
4735.38,4741.01
4734.93,4737.07
4616.31,4651.78
4548.55,4542.17
4623.1,4528.18
4576.48,4571.14
4548.92,4545.55
4570.72,4550.69
4595.49,4558.71
4543.73,4555.3
4543.08,4519.17
4556.08,4547.77
4548.75,4540.9
4572.08,4550.73
4527.15,4511.19
4510,4521.93
4580.15,4525.18
4565.87,4517.69
4576.98,4524.07
4595.41,4551.92
4523,4523
4492.1,4484.32
4519.63,4464.95
4492.43,4485.93
4514.69,4449.35
4513.12,4484.24
4500.12,4487.57
4473.05,4463.3
4460.83,4438.9
4490.17,4496.75
4479.39,4510.57
4465.07,4473.09
4477.17,4480.05
4524.4,4469.39
4479.55,4462.64
4484.74,4500.54
4494.45,4475.97
4523.12,4508.27
4474.12,4515.47
4526.33,4526.54
4514.11,4538.26
4509.3,4515.22
4554.64,4474.24
4494.69,4492.35
4503,4505.88
4537.44,4527.77
4521.85,4471.57
4525.76,4512.96
4543.32,4487.2
4493.33,4438.33
4445.4,4438.94
4414.63,4419.81
4416.48,4417.67
4438.04,4429.15
4344.15,4334.94
4334.65,4320.58
4383.32,4335.76
4337.9,4371.31
4332.34,4331.27
4353.45,4400.48
4387.47,4358.14
4363.69,4372.25
4428.53,4376.41
4406.03,4403.68
4425.41,4430.72
4463.79,4423.84
4458.24,4462.23
4479.8,4470.09
4462.81,4496.83
4501.03,4514.56
4524.36,4526.83
4525.63,4476.47
4539.95,4555.75
4535.88,4524.27
4587.06,4528.22
4586.56,4599.4
4588.87,4528.8
4595.66,4601.17
4553.61,4585.41
4594.26,4571.05
4623.68,4618.7
4617.83,4622.07
4616.89,4610.88
4632.56,4617.17
4598.62,4611.21
4631.9,4569.49
4629.56,4625.73
4621.66,4637.54
4631.7,4626.35
4618.94,4647.46
4626.02,4610.88
4652.19,4652.27
4565.87,4586.19
4586.98,4623.8
4580.52,4601.01
4519.38,4599.89
4563.81,4577.8
4521.68,4559.49
4505.8,4547.07
4556.45,4558.55
4535.14,4538.22
4520.65,4519.54
4502.35,4516.09
4525.47,4510.29
4495.52,4508.76
4490,4496.26
4463.14,4502.55
4506.95,4486.55
4509.87,4455.57
4435.12,4446.23
4496.01,4508.56
4528.06,4504.9
4548.67,4495.93
4550.81,4562.13
4558.09,4569.49
4552.21,4601.05
4595.74,4569.98
4579.24,4615.9
4592.9,4649.06
4631.86,4613.27
4618.12,4585.37
4612.94,4640.83
4596.81,4632.56
4604.63,4636.14
4611.91,4597.22
4594.13,4592.45
4555.54,4541.84
4534.85,4537.97
4511.31,4557.31
4519.34,4519.71
4532.91,4511.68
4513.74,4535.18
4508.76,4571.75
4539,4522.79
4505.06,4506.21
4512.63,4516.13
4498.85,4492.47
4511.15,4539.17
4537.65,4504.81
4511.48,4500.04
4512.92,4496.38
4509.75,4514.15
4502.63,4517.12
4474.45,4513.04
4499.67,4515.84
4517.53,4513.87
4512.75,4512.88
4577.97,4528.47
4565.17,4555.5
4552.29,4577.88
4571.01,4594.05
4608.95,4621.21
4530.08,4616.35
4597.06,4595.82
4586.48,4599.94
4604.09,4617.79
4596.48,4608.41
4617.26,4607.14
4592.9,4621.91
4598.87,4607.55
4553.73,4577.31
4531.52,4551.06
4526.46,4542.71
4515.51,4503.95
4532.34,4494.57
4515.76,4531.43
4504.24,4513.04
4496.01,4498.31
4459.56,4449.81
4452.19,4472.85
4434.09,4445.32
4459.56,4448.16
4478.81,4454.74
4424.42,4449.07
4419.9,4420.84
4418.91,4422.16
4414.79,4415.33
4428.7,4428.66
4375.87,4398.17
4352.01,4396.85
4389.24,4403.77
4410.76,4425.2
4396.61,4371.31
4385.5,4362.05
4389.61,4355.84
4367.23,4353.74
4382.62,4398.54
4380.73,4398.34
4401.87,4350.08
4388.63,4336.95
4372.87,4362.25
4325.55,4323.5
4314.45,4283.59
4309.55,4311.77
4320.82,4333.66
4274.08,4290.54
4281.61,4289.35
4248,4275.94
4268.82,4306.38
4301.44,4271.04
4276.43,4257.05
4300.29,4266.23
4238.78,4233.27
4264.95,4238.13
4246.11,4292.68
4259.6,4246.31
4220.27,4225.58
4247.34,4259.4
4241.79,4239.85
4234.88,4246.19
4238,4256.85
4273.34,4225.87
4220.31,4259.89
4281.49,4267.91
4223.48,4251.58
4277.09,4255.94
4251.37,4233.81
4229.98,4269.6
4265.57,4247.34
4229.03,4282.89
4228.75,4257.3
4179.74,4205.05
4211.71,4196.53
4207.19,4203.9
4199.82,4216.65
4156.95,4188.47
4150.99,4195.25
4190.85,4180.11
4129.96,4109.27
4134.57,4150.74
4109.6,4134.16
4116.01,4127.12
4114.04,4181.18
4130.5,4142.06
4118.19,4155.06
4148.23,4133.54
4137.33,4132.14
4128.07,4168.31
4108.57,4133.99
4132.72,4100.17
4114.53,4151.36
4127.16,4145.47
4104.86,4136.91
4120.09,4116.84
4121.12,4124.53
4095.11,4146.13
4109.06,4147.45
4162.26,4122.93
4134.28,4201.34
4187.85,4177.03
4223.4,4214.88
4295.03,4270.05
4294.74,4306.22
4317.45,4323.29
4359.04,4342.05
4382,4344.85
4393.03,4356.86
4398.46,4391.88
4409.69,4416.77
4456.35,4425.33
4471.28,4482.02
4487.7,4452.11
4452.56,4491.03
4451.66,4469.72
4530.98,4531.06
4524.73,4520.82
4516.25,4516.99
4542.87,4558.83
4549.08,4542.46
4540.65,4528.31
4536.21,4514.69
4496.91,4546.29
4522.51,4571.34
4554.93,4549
4568.38,4570.4
4539.21,4588.91
4567.27,4598
4590.84,4558.22
4557.11,4611.74
4604.63,4580.27
4562.87,4603.97
4602.73,4605.2
4596.23,4608.78
4528.59,4551.72
4544.68,4517.94
4476.26,4506.67
4502.26,4495.56
4433.55,4453.51
4418.54,4416.4
4400.27,4426.72
4405.21,4404.96
4410.47,4370.73
4345.18,4337.86
4354.23,4303.21
4304.9,4307.16
4264.33,4271.12
4230.43,4252.81
4204.8,4241.01
4205.21,4228.87
4209.78,4218.54
4198.67,4198.01
4152.14,4226.61
4144.36,4182.13
4122.8,4122.84
4166.95,4156.42
4149.46,4169.66
4124.82,4108.11
4109.27,4127.74
4096.96,4132.88
4120.17,4116.67
4116.3,4091.37
4127.99,4123.67
4110.87,4115.81
4121.12,4144.24
4133.62,4148.72
4208.75,4170.28
4186.2,4202.5
4228.37,4236.81
4295.48,4285.73
4304.74,4313.25
4320.62,4314.77
4315.19,4319.84
4334.69,4364.43
4346.83,4310.54
4347.73,4345.22
4319.14,4310.37
4249.81,4300.54
4246.4,4297.99
4265.81,4314.36
4270.34,4247.05
4269.6,4245.49
4281.65,4290.25
4252.81,4271.25
4229.49,4253.72
4237.43,4241.42
4319.42,4313.09
4308.23,4309.96
4321.69,4300.46
4322.39,4275.81
4343.29,4343.12
4303.95,4302.68
4297.66,4305.19
4318.35,4311.2
4318.44,4340.16
4317.04,4351.27
4337.12,4302.1
4346.91,4324.11
4357.28,4361.31
4328.89,4347.9
4370.11,4339.42
4347.11,4371.39
4368.71,4332.59
4367.56,4339.71
4417.59,4387.47
4355.09,4398.83
4421.13,4393.07
4413.15,4430.76
4393.44,4417.67
4448.12,4400.97
4460.05,4456.84
4459.31,4449.44
4442.61,4474.7
4490.41,4466.8
4427.67,4486.79
4499.55,4485.31
4490.58,4478.77
4510.08,4481.61
4468.61,4475.11
4460.21,4490.74
4414.3,4421.38
4402.41,4386.53
4350.03,4391.09
4336.17,4329.96
4314.28,4350.2
4338.8,4310.08
4332.96,4299.59
4292.64,4303.67
4296.47,4300.79
4284.49,4277.46
4302.47,4316.91
4313.42,4297.82
4294.04,4310.08
4294.99,4319.55
4334.11,4337.49
4324.24,4351.15
4318.35,4340.41
4377.68,4389.82
4388.63,4370.48
4361.51,4411.91
4364.76,4377.6
4388.38,4389.98
4396.32,4377.97
4395.25,4429.85
4425.16,4427.59
4404.34,4419.11
4442.56,4445.03
4461.45,4439.15
4485.44,4481.44
4503.5,4489.71
4513.95,4469.31
4523.74,4537.89
4571.71,4539.29
4567.6,4587.88
4593.11,4562.54
4603.6,4575.58
4626.27,4621.04
4624.79,4675.31
4675.68,4706.58
4737.19,4692.75
4718.67,4693.29
4700,4702.51
4700.9,4706.91
4699.13,4676.38
4660.38,4676.54
4667.99,4652.15
4640.79,4654.7
4686.67,4630.55
4598.62,4620.01
4605.28,4571.79
4643.3,4609.77
4601.75,4610.26
4603.15,4608.17
4579.12,4581.34
4540.77,4577.31
4539.33,4552.58
4536.58,4580.56
4544.89,4551.06
4519.79,4570.35
4539.62,4516.38
4521.68,4577.64
4509.13,4520.12
4548.26,4534.27
4509.01,4456.06
4522.55,4522.88
4489.76,4544.02
4462.56,4480.05
4523.9,4510.16
4487.29,4507.9
4453.47,4476.75
4484,4451.41
4505.31,4462.52
4483.95,4449.44
4463.42,4501.93
4503.83,4506.21
4491.81,4451.99
4469.35,4488.6
4478.65,4474.12
4483.75,4467.66
4506.54,4497.12
4521.44,4531.8
4504.69,4514.28
4518.56,4535.67
4510.74,4537.85
4525.47,4514.52
4550.07,4531.72
4529.71,4526.91
4552.83,4521.27
4579.28,4571.55
4549.58,4545.09
4591.91,4601.01
4595,4570.4
4615.32,4569.74
4619.85,4621.91
4636.06,4562.37
4638.77,4617.87
4656.47,4625.49
4667.25,4609.07
4619.77,4667.37
4629.39,4648.32
4609.28,4627.75
4626.64,4627.01
4619.64,4634.74
4648.48,4649.68
4643.71,4679.75
4624.62,4622.07
4630.88,4640.75
4659.8,4628.49
4641.08,4623.1
4667.78,4644.86
4631.7,4652.23
4613.02,4636.47
4626.27,4636.43
4632.6,4612.4
4640.34,4645.77
4656.43,4658.89
4667.95,4642.15
4670.95,4646.51
4683.54,4643.01
4663.34,4718.47
4705.55,4671.94
4689.38,4690.99
4713.33,4666.26
4699.95,4685.27
4699.67,4675.06
4686.83,4713.98
4664.12,4682.88
4680.82,4700.41
4641.9,4619.36
4615.04,4639.97
4589.65,4643.3
4620.01,4572.49
4642.68,4600.59
4583.23,4609.07
4600.55,4603.06
4615.41,4631.33
4625.4,4560.52
4602.4,4595.49
4611.29,4622.81
4612.69,4605.7
4602.82,4591.01
4581.01,4639.31
4598.7,4620.22
4601.33,4627.17
4615.16,4645.6
4627.01,4634.33
4604.5,4632.19
4621.33,4610.55
4651.86,4626.97
4649.31,4642.97
4614.58,4625.98
4634.46,4635.07
4631,4636.88
4593.68,4617.5
4615.73,4634.33
4611.13,4566.32
4553.24,4617.38
4573.56,4595.29
4603.89,4559.29
4560.64,4612.65
4594.05,4555.5
4589.07,4611.99
4565.17,4573.81
4535.01,4555.95
4542.58,4521.97
4575.46,4553.16
4589.57,4595.74
4585.41,4542.62
4587.39,4555.13
4573.19,4573.89
4604.54,4587.43
4596.07,4615.61
4600.1,4601.95
4614.13,4597.22
4618.82,4610.96
4599.85,4640.01
4590.72,4635.81
4609.28,4618.24
4627.5,4627.25
4622.73,4631.99
4641.65,4650.05
4624.7,4604.46
4649.27,4609.03
4588.99,4594.05
4572.29,4598.62
4531.89,4505.97
4544.31,4579.61
4521.11,4525.96
4458.53,4486.38
4495.93,4500.74
4476.18,4455.61
4453.43,4455.89
4461.57,4494.86
4442.4,4470.95
4466.76,4464.08
4442.77,4486.09
4504.81,4506.75
4518.27,4518.27
4522.55,4557.72
4520.37,4538.55
4525.55,4576.16
4535.26,4571.22
4592.16,4557.64
4598.37,4560.56
4585.33,4625.86
4610.34,4606.52
4613.02,4590.23
4576.65,4592
4547.6,4561.26
4526.37,4552.05
4523.74,4516.42
4514.77,4530.12
4497.24,4483.25
4479.55,4479.06
4440.05,4486.05
4456.18,4486.01
4494.36,4457.21
4443.96,4464.7
4482.35,4441.7
4474.53,4425.9
4468.77,4485.56
4427.92,4430.43
4435.61,4444
4451.99,4445.07
4441.54,4461.61
4451.29,4471.69
4414.67,4449.68
4407.02,4423.6
4455.69,4411.09
4446.19,4463.84
4468.73,4467.62
4509.42,4458.16
4500.16,4513.21
4509.17,4535.75
4520.69,4513.25
4556.28,4539.25
4557.02,4572.95
4545.59,4526.62
4591.67,4594.05
4608.99,4608
4589.28,4576.4
4633.22,4611.04
4613.68,4639.06
4593.72,4615.32
4604.34,4650.83
4605.65,4602.53
4616.72,4581.54
4607.84,4585.21
4614.91,4620.1
4634.29,4596.4
4623.06,4587.96
4649.18,4631.12
4617.83,4611.29
4585.74,4546.16
4575.33,4584.71
4535.75,4544.35
4540.53,4547.07
4575.74,4531.84
4547.11,4558.67
4514.89,4525.59
4529.33,4504.9
4561.06,4513.99
4541.39,4566.03
4538.26,4529.91
4496.42,4598.41
4520.9,4544.8
4519.91,4534.85
4487.58,4511.89
4474.49,4503.91
4497.57,4520.32
4526.83,4507.94
4455.77,4531.47
4499.59,4504.53
4522.71,4543.57
4554.19,4567.76
4561.47,4531.31
4555.3,4579.36
4575.5,4547.77
4564.22,4557.68
4551.02,4572.16
4579.61,4565.25
4568.96,4592.37
4555.54,4583.81
4504.24,4548.75
4505.06,4537.73
4487.04,4494.77
4523.66,4462.11
4419.48,4430.18
4416.97,4412.41
4410.27,4368.92
4350.98,4388.01
4368.34,4352.5
4312.18,4307.95
4264.42,4291.98
4249.65,4298.03
4241.09,4262.81
4194.6,4136.5
4170.12,4226.36
4140.08,4143.95
4102.35,4100.79
4137.2,4082.36
4130.95,4136.09
4117.29,4128.36
4155.18,4108.16
4094.91,4110.58
4132.14,4128.6
4124.37,4123.83
4099.56,4142.22
4176.45,4116.1
4189.91,4163.95
4209.49,4216.53
4201.76,4191.72
4209.49,4186.16
4211.47,4212.29
4217.23,4201.34
4196.98,4223.48
4232.61,4208.63
4190.52,4218.01
4218.58,4225.7
4220.1,4229.4
4169.54,4203.57
4209.24,4240.18
4197.97,4237.55
4207.93,4226.19
4263.39,4222.49
4224.75,4231.34
4202.41,4212.82
4205.46,4234.51
4212.04,4220.19
4220.27,4213.77
4191.35,4231.58
4201.1,4202.08
4185.87,4222.53
4207.39,4209.82
4187.73,4199.7
4195.34,4177.4
4185.22,4195.5
4189.58,4185.79
4157.57,4195.34
4191.92,4175.09
4196.82,4162.18
4196.08,4193.2
4193.16,4194.76
4188.92,4149.92
4136.17,4161.85
4178.96,4175.92
4172.75,4185.59
4132.22,4174.6
4180.36,4143.17
4206.4,4212.78
4224.01,4212.29
4243.8,4245.37
4242.73,4284.86
4246.4,4251.95
4291.28,4278.36
4315.39,4254.5
4312.26,4282.48
4320.66,4328.02
4316.05,4305.27
4333.41,4358.51
4379.82,4326.25
4356.74,4378.88
4406.03,4357.89
4436.76,4406.32
4430.51,4427.88
4421.79,4443.43
4450.3,4426.64
4462.77,4405.58
4438.45,4429.77
4467.25,4497.08
4449.64,4473.22
4448.61,4487.2
4447.5,4426.81
4464.12,4473.42
4424.71,4456.64
4477.91,4474.78
4486.71,4506.46
4520.98,4516.58
4480.7,4472.56
4487.78,4476.22
4523.49,4523
4496.09,4505.68
4492.22,4504.57
4494.28,4499.79
4524.07,4504.32
4505.55,4503
4479.18,4457.33
4475.73,4493.01
4449.52,4492.96
4459.31,4495.64
4484,4495.31
4440.84,4494.82
4478.89,4475.73
4423.02,4446.02
4390.23,4407.47
4420.06,4411.63
4401.38,4429.07
4435.53,4408.66
4417.47,4425.24
4483.38,4493.21
4530.73,4550.4
4546.86,4541.6
4568.42,4606.31
4601.66,4601.09
4596.03,4623.68
4660.79,4648.48
4642.07,4664.82
4716.95,4654.57
4665.72,4706.17
4683.33,4702.13
4744.22,4686.17
4712.91,4724.76
4704.27,4697.81
4744.02,4709.87
4713.9,4722.42
4756.61,4717.69
4695.55,4682.39
4726.7,4701.31
4762.78,4766.36
4722.87,4727.31
4720.48,4749.37
4731.68,4713.33
4728.84,4746.16
4766.77,4729.62
4676.26,4727.56
4730.44,4695.43
4714.48,4736.2
4721.1,4708.31
4663.67,4694.98
4705.63,4696.83
4683.79,4670.41
4640.17,4661.32
4618.66,4606.77
4605.74,4626.6
4590.51,4571.63
4558.75,4545.17
4488.44,4532.38
4496.46,4499.88
4468.9,4504.65
4453.3,4488.36
4421.71,4413.52
4448.53,4452.89
4382.62,4372.58
4361.14,4355.79
4355.42,4359.5
4387.8,4379.82
4232.53,4276.96
4281.28,4257.22
4281.16,4238.99
4232.2,4247.79
4199,4228.25
4194.84,4200.36
4217.8,4230.84
4224.8,4223.97
4228.79,4205.29
4193.9,4210.52
4219.12,4218.17
4206.28,4225.91
4209.78,4224.51
4212,4222.7
4217.43,4216.2
4222.16,4197.48
4192.29,4210.72
4200.93,4208.71
4224.96,4226.56
4205.87,4218.54
4225.54,4243.47
4188.96,4242.69
4218.87,4191.8
4201.47,4215.09
4216.69,4243.31
4247.59,4220.19
4250.02,4242.82
4258.12,4240.1
4223.4,4280.91
4239.32,4243.39
4276.76,4301.57
4230.97,4291.08
4258.53,4253.92
4282.56,4245.45
4252.57,4285.15
4267.01,4255.16
4217.76,4242.61
4208.71,4235.04
4112.39,4139.55
3998.1,4043.89
3988.8,3995.09
3932.19,3945.6
3872.57,3875.45
3860.89,3828.63
3747.29,3762.39
3717.75,3723.92
3698.13,3643.57
3602.22,3624.27
3549.44,3572.15
3463.28,3575.48
3457.48,3459.54
3423.91,3448.51
3346.23,3408.11
3304.59,3371.78
3279.04,3327.51
3211.9,3280.07
3196.06,3241.97
3139.36,3169.89
3080.65,3009.39
2994.38,2931.43
2978.91,2980.8
2929.04,3014.29
2923.9,2968.5
2863.38,2904.97
2860.87,2871.65
2791.87,2852.6
2764.51,2803.23
2713.7,2776.69
2690.13,2753.53
2667.04,2725.63
2592.66,2615.37
2602.29,2664.37
2607.39,2682.06
2629.56,2681.86
2590.27,2679.39
2636.48,2657.38
2613.02,2669.35
2632.9,2695.52
2646.19,2663.79
2610.35,2656.18
2616.11,2666.88
2650.46,2651.7
2622.9,2695.84
2636.72,2668.16
2644.95,2687.95
2645.49,2704.32
2664.91,2699.67
2649.89,2690.33
2647.71,2680.75
2657.38,2664.74
2635.41,2670.38
2666.18,2695.31
2639.6,2693.46
2673.05,2706.09
2680.38,2702.63
2664.82,2748.75
2662.77,2732.63
2680.09,2711.23
2696.34,2723.7
2678.61,2724.56
2694.24,2718.39
2701.89,2736.78
2700.08,2717.65
2681.94,2709.17
2705.14,2742.83
2677.17,2754.97
2685.81,2766.49
2706.62,2758.75
2692.51,2742.5
2695.89,2734.03
2690.17,2730.16
2718.1,2712.3
2699.38,2722.51
2685.81,2720.24
2703.54,2780.97
2703.04,2783.73
2699.14,2730.2
2721.06,2765.5
2725.47,2762.54
2699.09,2725.96
2707.98,2753.32
2719.3,2755.5
2770.85,2771.38
2898.14,2961.67
3142.41,3164.71
3363.43,3392.02
3316.9,3378.61
3434.32,3585.39
3569.47,3611.6
3561.41,3593.5
3632.63,3632.91
3795.06,3774.2
4014.39,4011.92
4059.94,4051.5
4038.91,4033.19
3999.13,4023.81
4039.57,4024.76
4122.68,4100.09
4236.03,4237.18
4254.83,4237.63
4364.31,4282.44
4339.91,4386.36
4460.34,4438.9
4528.27,4470.79
4453.06,4477.74
4483.63,4470.83
4517.73,4549.37
4642.31,4550.4
4613.43,4589.86
4628.53,4608.74
4663.05,4607.51
4659.3,4607.92
4691.11,4609.89
4749.74,4713.82
4761.79,4820.3
4904.19,4858.4
4923.03,4911.72
4928.34,4927.35
4995.24,4940.93
4995.81,4943.56
4978,4984.13
5003.34,4938.13
5021.65,4980.59
4999.6,4976.23
5010.95,4947.18
4994.66,4974.01
4966.44,4938.13
4980.14,5003.22
4934.47,4910.98
4930.89,4893.12
4910.4,4935.79
4906.08,4864.11
4874.81,4835.36
4810.88,4852.96
4864.03,4821.45
4862.47,4848.93
4830.91,4803.35
4831.98,4820.87
4829.8,4825.65
4834.2,4781.58
4765.04,4759.49
4752.49,4781.87
4744.14,4716.16
4649.64,4715.51
4713.16,4682.22
4642.93,4638.12
4549.33,4609.48
4555.09,4546.62
4562.95,4526
4588.21,4609.4
4458.08,4492.72
4511.64,4517.81
4527.77,4473.38
4481.44,4473.96
4468.48,4488.89
4468.24,4497.37
4529.58,4524.52
4563.24,4592.69
4598.87,4549.08
4624.29,4642.4
4702.96,4665.23
4704.93,4679.51
4757.1,4709.95
4775.2,4739.53
4829.27,4806.84
4837.25,4747.31
4893.04,4837.91
4874.69,4882.92
4895.09,4870.98
4915.91,4931.96
4940.39,4916.49
4984.7,4917.52
4940.02,4950.8
4954.75,4964.05
4953.35,4989.6
4947.72,4918.38
4952.9,4956.77
4928.71,4973.92
4971.46,4936.69
4929.53,4924.43
4930.56,4935
4968.62,4954.75
4962.32,4933.11
4940.19,4916.49
4951.46,4915.21
4930.72,4931.88
4943.4,4955.41
4947.84,4960.47
4932.7,5013.5
4950.8,4984.54
4944.3,4935.83
4977.54,4942.62
4968.08,4973.6
5011.53,4955.99
5024.53,5000.91
5012.52,5010.17
4993.67,4978.29
5000.34,4986.93
4999.1,4989.72
4974.01,4996.22
4942.41,4918.79
4915.91,4931.09
4929.9,4904.31
4878.64,4818.61
4800.88,4848.69
4819.06,4819.64
4818.24,4816.43
4795.65,4771.3
4792.36,4759.57
4762.66,4740.32
4693.62,4717.77
4644.29,4643.96
4695.72,4640.42
4570.48,4618.66
4595.41,4530.57
4575.29,4582
4575.91,4574.55
4540.61,4522.55
4522.59,4515.22
4573.4,4575.42
4545.79,4559.95
4529.29,4545.34
4546.12,4549.91
4578.05,4560.27
4570.35,4573.73
4617.3,4619.15
4612.98,4611.54
4632.36,4642.81
4637.13,4653.83
4634.74,4645.15
4676.75,4621.66
4667.78,4667.41
4695.88,4699.25
4719.13,4720.07
4741.76,4726.37
4737.27,4741.01
4760.72,4779.07
4755.79,4722.05
4769.4,4761.83
4755.87,4769.57
4753.69,4749
4754.1,4777.02
4776.93,4748.09
4781.91,4791.58
4799.6,4750.19
4748.17,4748.3
4763.56,4763.52
4735.87,4793.72
4735.54,4720.24
4741.63,4735.38
4735.87,4775.53
4769.73,4793.72
4800.34,4787.47
4858.89,4821.45
4844.98,4815.69
4853.79,4816.51
4894.56,4907.19
4877.44,4845.44
4881.64,4892.5
4895.67,4923.48
4891.84,4881.6
4906.41,4878.43
4926.69,4872.05
4931.63,4906.04
4909.58,4900.4
4936.57,4901.27
4912.58,4895.42
4915.83,4884.07
4868.11,4908.1
4913.94,4891.97
4939.08,4893.12
4961.95,4976.56
4994.74,5008.16
5008.65,5043.46
5014.29,4968
5052.26,5024.2
5073.49,5097.39
5101.67,5083.28
5073.57,5106.53
5095.21,5091.96
5113.32,5063.95
5138.17,5077.85
5089.87,5106.57
5147.18,5108.5
5135.41,5118.09
5146.31,5119.12
5157.01,5176.59
5138.58,5135.08
5169.93,5154.99
5159.97,5127.1
5101.84,5080.65
5034.32,5074.23
4998.32,5022.02
4993.51,4993.71
4964.46,4948.09
4935.62,4936.73
4903.94,4910.07
4880.53,4837.49
4811.82,4833.83
4814.78,4829.64
4749.04,4806.64
4763.52,4730.69
4727.31,4790.14
4732.17,4793.72
4813.92,4768.05
4795.98,4801.21
4751.22,4775.04
4745.33,4724.8
4727.97,4740.89
4739.9,4714.6
4763.93,4730.03
4703.29,4757.1
4740.89,4715.42
4754.18,4735.71
4757.27,4694.65
4723.86,4757.14
4764.84,4704.36
4818.2,4821.2
4870.57,4824.99
4867.24,4890.16
4910.19,4854.45
4911.14,4952.2
4862.92,4915.54
4908.01,4907.77
4932.21,4904.19
4931.14,4931.88
4946.52,4891.76
4908.34,4884.73
4919.45,4914.31
4879.91,4927.06
4868.35,4893.37
4871.89,4847.74
4866.5,4861.6
4864.61,4903.36
4884.48,4857.66
4850.17,4842.43
4908.92,4872.47
4882.92,4900.28
4839.96,4874.69
4914.88,4881.81
4900.28,4852.18
4975.41,4938.46
5004,5004.7
4927.52,4932.37
4944.63,4958.91
4975.82,4969.28
4973.06,4987.38
5002.93,4971.54
5008.61,5015.68
4987.01,4983.55
4999.56,5003.63
5018.85,4994.21
4975.28,4953.72
4993.01,4998.77
4989.39,5008.16
4946.93,4959.73
4986.14,4967.26
4972.61,4975.24
4960.92,4963.02
5023.46,4992.32
4996.72,4970.3
4964.13,4967.22
4957.63,4991.16
5010.05,4980.75
4975.32,4981.99
4963.72,4919.45
4950.93,4965.16
4927.19,4971.95
4955.74,4941.01
4918.55,4975.57
4902.34,4899.79
4896.74,4894.6
4886.91,4902.75
4887.2,4870.37
4852.76,4876.33
4869.42,4834.12
4861.85,4851.9
4831.45,4808
4812.93,4866.71
4743.61,4798.41
4803.88,4765.21
4729.82,4699.75
4718.84,4686.54
4647.25,4643.05
4629.02,4632.6
4565.5,4610.92
4570.97,4595.29
4549.41,4566.86
4498.23,4464.66
4507.69,4517.49
4453.1,4441.33
4455.77,4418.66
4440.22,4420.72
4399.98,4412.82
4376.86,4395.74
4376.94,4372.75
4337.57,4345.1
4361.88,4360.24
4375.21,4349.46
4365.67,4402.78
4400.8,4422.12
4424.34,4460.79
4473.34,4442.85
4451.99,4448.24
4419.98,4435.04
4458.57,4459.1
4450.18,4420.06
4456.68,4454.37
4503.33,4456.35
4455.07,4434.71
4412.49,4419.4
4366.74,4430.3
4391.09,4425
4414.05,4408.17
4393.07,4372.5
4383.48,4397.35
4397.92,4377.68
4409.36,4405.17
4397.68,4403.36
4392.62,4419.48
4376.61,4360.53
4442.36,4405.21
4444.66,4496.17
4446.88,4450.51
4494.24,4445.9
4447.13,4465.56
4505.97,4493.54
4485.89,4524.56
4516.25,4499.84
4530.36,4588.54
4546.2,4556
4605.94,4564.64
4557.15,4577.88
4628.9,4588.7
4592.86,4618.7
4595.04,4603.23
4614.58,4632.19
4589.49,4572.04
4604.01,4614.46
4578.38,4606.11
4583.97,4594.75
4587.47,4569.9
4558.88,4575.33
4590.39,4533.94
4577.47,4613.72
4573.65,4574.47
4568.26,4584.96
4546.49,4554.39
4600.27,4574.26
4672.35,4639.8
4659.47,4663.34
4654.74,4669.1
4695.47,4655.48
4664.86,4670.25
4702.13,4711.02
4750.19,4707.15
4696.91,4701.19
4701.93,4689.17
4712.26,4647
4695.06,4700.82
4722.95,4694.48
4727.27,4716.49
4727.11,4714.07
4710.36,4708.72
4741.47,4720.98
4708.39,4713.94
4721.72,4702.63
4679.05,4698.1
4698.02,4676.79
4685.43,4719.91
4658.77,4668.89
4703.7,4708.92
4714.72,4692.3
4698.56,4712.42
4695.1,4690.86
4654.49,4659.92
4665.93,4610.55
4649.64,4645.11
4675.89,4677.45
4635.81,4643.51
4676.05,4622.11
4683.25,4682.72
4700.12,4717.44
4715.83,4731.84
4693.58,4665.23
4703.41,4761.46
4738.92,4725.92
4789.81,4753.81
4753.19,4768.09
4804.42,4766.48
4781.54,4751.22
4837.33,4809.27
4811.33,4874.52
4839.35,4817.25
4879.91,4837.17
4907.56,4898.47
5048.89,5094.06
5229.38,5180.71
5371.28,5312.98
5416.21,5333.51
5506.07,5474.3
5510.35,5432.96
5523.92,5434.23
5468.96,5466.98
5498.17,5412.26
5514.13,5398.27
5496.27,5438.63
5500.31,5450.03
5464.68,5378.11
5405.97,5328.49
5359.02,5316.97
5322.9,5237.12
5301.59,5264.76
5287.64,5228.43
5293.36,5197
5193.3,5128.79
5145.33,5172.89
5108.79,5097.97
5037.28,5050.37
5016.8,5017.5
5023.71,4978.61
4948.5,4934.34
4946.03,4927.39
4924.64,4973.1
4926.12,4937.23
4941.92,4923.94
4962.86,4962.94
4952.69,4903.65
4934.96,4946.85
4936.81,4936.9
4952.24,4950.64
4930.35,4958.29
4921.71,4924.76
4973.43,4899.37
4921.96,4964.05
4986.51,4941.83
4963.64,4982.73
4957.14,4979.15
4971.04,4950.47
4974.91,4960.88
4952,4977.55
5028.4,5007.42
5014.74,5027.41
5030.29,5016.92
5038.44,5067.07
5047.49,5030.37
5075.34,5079.37
5067.69,5020.17
5078.47,5040.91
5069.38,5044.44
5087.48,5019.1
5081.55,5026.34
5046.42,5065.84
5021.03,5039.3
5051.31,5007.83
5034.03,4959.61
4999.6,4975.69
4999.02,5001.7
4984.83,4984.66
4971.79,4958.99
4966.19,4963.89
4942.2,4914.64
4922.99,4921.63
4931.51,4921.96
4942.74,4986.43
4987.54,5001.65
5010.38,5003.79
4998.86,4952.61
5012.6,5002.11
4952.49,4943.77
4966.11,4944.84
4961.71,4916.16
4963.31,5009.55
4923.07,4903.41
4929.65,4944.06
4948.33,4985.16
4943.36,4966.35
4940.06,4934.35
4939.28,4949.77
4885.76,4863.83
4893.57,4888.1
4866.29,4902.62
4853.66,4865.31
4828.44,4824.16
4862.18,4813.14
4849.01,4810.42
4854.24,4809.68
4830.71,4850.29
4828.28,4854.36
4868.89,4818.69
4844.98,4817.21
4816.43,4843.17
4862.14,4814.13
4829.68,4824.54
4781.38,4746.57
4763.52,4773.15
4748.96,4723.69
4744.51,4772.2
4735.38,4712.42
4739.86,4761.92
4766.65,4724.6
4735.05,4779.81
4743.94,4798.45
4743.81,4736.04
4741.51,4744.1
4807.25,4787.71
4743.69,4748.91
4762.99,4718.59
4748.63,4742.25
4794.67,4798.78
4772.57,4785.78
4762.2,4761.79
4803.8,4800.67
4771.87,4792.57
4799.15,4776.03
4802.85,4746.82
4772.32,4769.49
4799.56,4791.33
4750.35,4748.38
4815.11,4813.59
4770.51,4773.07
4819.31,4835.6
4763.81,4793.1
4797.67,4815.98
4837.91,4878.56
4859.96,4830.21
4876.25,4849.34
4927.35,4915.91
4983.63,4911.55
5025.44,4995.32
5017.66,5004.99
5016.38,4979.77
5021.98,5001.78
4998.69,4967.26
5024.53,4982.73
5035.1,4987.09
4992.48,4932.08
4944.01,4911.26
4933.69,4892.21
4921.59,4900.36
4895.3,4874.98
4854.57,4863.09
4901.27,4881.02
4830.34,4771.75
4794.95,4808.86
4800.8,4809.81
4729.37,4780.55
4698.35,4664.45
4707.48,4633.14
4677.45,4643.22
4656.51,4652.97
4609.4,4603.64
4599.61,4635.81
4633.14,4583.89
4614.75,4593.31
4625.57,4623.55
4608.25,4652.43
4647.66,4610.88
4620.92,4619.85
4572.04,4613.76
4612.85,4623.88
4624.05,4629.48
4603.15,4644.49
4625.61,4629.97
4622.11,4632.93
4608.66,4621.17
4605.12,4624.5
4622.81,4612.24
4614.01,4605.74
4617.26,4661.4
4589.28,4560.19
4556,4616.06
4594.34,4633.22
4558.59,4570.11
4573.19,4569.74
4618.12,4612.44
4604.79,4616.48
4620.67,4622.65
4628.94,4664
4653.67,4643.3
4655.15,4626.64
4631.66,4624.46
4689.79,4649.31
4662.27,4634
4653.17,4693.17
4716.95,4682.55
4699.71,4695.55
4719.66,4708.47
4731.55,4707.15
4716.7,4722.54
4741.34,4732.66
4738.34,4713.49
4746.73,4691.77
4772.37,4725.75
4775.49,4735.38
4739,4742.29
4772.82,4780.96
4756.2,4754.39
4789.69,4760.72
4792.24,4802.69
4775.04,4771.79
4762.37,4769.9
4807.67,4757.23
4773.23,4780.18
4806.27,4754.67
4812.44,4800.71
4795.82,4804.05
4804.17,4803.72
4777.43,4801.29
4812.69,4817.17
4819.31,4778.82
4801.58,4800.8
4813.3,4804.17
4836.59,4856.01
4839.02,4790.06
4867.32,4824.37
4879.5,4855.35
4875.1,4842.27
4888.06,4894.85
4897.85,4882.59
4873.37,4877.65
4873.49,4842.47
4905.09,4907.6
4947.1,4885.8
4939.2,4924.88
4928.09,4913.32
4953.85,4947.84
4952.61,4930.31
4973.6,4991.86
4983.39,4967.55
4948.33,4972.44
4997.87,4937.14
4980.26,4983.55
4982.81,4984.13
4941.83,4963.1
5007.91,4934.35
4986.51,4954.18
4974.05,4953.56
5003.14,4998.12
5006.06,4942.57
4952.24,4961.01
4967.22,4966.72
5003.96,5005.03
4991.7,4979.03
4998.53,5013.05
4978.57,4959.85
4992.69,4973.1
4989.89,4985.77
4992.19,5000.42
4960.31,4973.68
4967.34,4986.02
4973.55,4948.33
4967.42,4966.4
4977.46,4977.38
4956.64,4927.43
4940.85,4959.36
4984.46,4985.12
4976.52,4997.66
4953.64,4959.44
4963.97,4922
5003.63,4984.62
4980.55,4958.54
4965,4929.16
4990.96,4965.33
4984,4976.31
4970.96,4944.26
5003.22,4954.88
4948.38,4977.79
4984.42,4964.63
4944.22,4953.64
5003.88,4985.44
4986.1,4982.73
5004.78,4947.47
4946.4,4967.96
4965.78,4992.69
5006.26,4966.48
4997.42,4978.7
4994.41,4963.15
4974.71,4983.8
4962.32,4952
4994.74,5006.43
5026.42,4916.82
4995.07,5009.23
5001.9,4920.97
5012.19,4994.74
4940.43,4946.24
4973.02,4932.37
4977.71,4928.83
4937.47,4953.11
4981.82,4936.53
4942,4920.44
4935,4918.05
4947.68,4893.53
4900.61,4901.43
4877.4,4901.18
4922.33,4872.8
4873.41,4835.19
4878.76,4857.9
4846.3,4836.26
4839.3,4819.35
4846.51,4839.72
4850.13,4815.52
4843.09,4815.03
4844.57,4839.47
4852.1,4814.74
4922.7,4891.84
4911.55,4905.59
4954.55,4881.27
4923.11,4848.93
4975.9,4950.88
4970.39,4920.69
4993.22,4918.13
4985.98,4954.55
4995.57,4943.44
4955.08,4995.32
4978.08,4967.51
4993.02,4991.99
4954.88,4931.05
5002.56,4968
4994.25,4937.18
4946.61,5012.43
5003.55,5001.98
5001.49,4938.87
4955.62,4914.6
4901.55,4910.15
4877.32,4871.07
4919.53,4906.29
4923.28,4889.87
4944.71,4890.82
4931.96,4900.48
4881.19,4874.11
4935,4912.09
4925.46,4908.67
4917.35,4910.61
4901.88,4903.24
4849.39,4904.48
4907.44,4839.84
4889.42,4912.21
4843.5,4872.51
4904.89,4834.94
4866.42,4883.45
4873.37,4826.72
4877.73,4859.22
4885.22,4895.55
4940.19,4881.93
4933.11,4922.99
4930.77,4918.38
4906.57,4891.6
4946.28,4924.51
4940.35,4898.59
4943.23,4948.99
4926.69,4908.67
4925.99,4902.01
4933.07,4928.13
4970.72,4924.8
4969.32,4930.72
4949.94,4910.07
4950.14,4954.01
4944.63,4875.47
4909.74,4879.87
4911.72,4881.6
4899.21,4858.64
4889.66,4873.12
4859.51,4857.16
4882.59,4914.76
4891.06,4828.11
4886.04,4842.68
4896.33,4858.23
4874.36,4863.13
4897.73,4876.29
4901.97,4879.87
4882.18,4850.58
4893.28,4846.59
4869.67,4882.92
4884.81,4893.78
4896.99,4889.83
4918.34,4876.42
4909.58,4853.54
4913.16,4893.37
4903.41,4861.73
4912.17,4916
4833.79,4813.88
4827.09,4834.49
4819.31,4845.64
4837.33,4826.88
4800.67,4821.86
4763.36,4791.09
4794.95,4734.84
4749.7,4738.42
4743.77,4740.48
4748.09,4757.68
4755.21,4714.97
4723.41,4760.27
4719.58,4737.6
4746.82,4682.88
4721.43,4722.01
4734.8,4730.85
4738.42,4689.92
4703,4663.38
4713.61,4719.83
4710.73,4671.94
4717.56,4711.68
4662.39,4684.2
4664.53,4691.36
4689.75,4653.34
4697.32,4678.72
4678.15,4657.04
4661.07,4647.25
4678.93,4685.43
4646.76,4673.66
4686.17,4651.78
4684.53,4610.18
4687.41,4638.28
4692.92,4659.68
4724.8,4698.39
4710.69,4731.84
4726,4709.21
4717.93,4724.27
4776.32,4738.09
4753.98,4721.84
4790.02,4761.96
4754.63,4774.05
4801.04,4796.89
4770.51,4771.83
4835.11,4830.99
4825.44,4871.93
4879.46,4836.42
4860.37,4812.85
4816.84,4859.79
4862.67,4808.53
4861.19,4849.18
4848.44,4868.56
4874.77,4859.26
4851.61,4880.24
4873.62,4883.82
4859.55,4872.88
4810.55,4875.1
4779.28,4785.08
4785.78,4799.64
4764.22,4779.4
4785.94,4756.24
4762.62,4762.37
4752.91,4799.56
4737.76,4770.84
4782.03,4731.18
4803.76,4738.42
4775.2,4817.79
4787.59,4790.35
4853.13,4830.83
4834.57,4818.69
4824.66,4785.04
4837.82,4799.36
4826.3,4799.56
4818.94,4823.67
4813.3,4807.05
4819.06,4817.58
4818.98,4836.26
4786.72,4742.54
4754.43,4748.83
4803.96,4776.44
4738.5,4752.99
4736.78,4721.8
4735.17,4709.46
4696.54,4724.64
4740.32,4719.7
4719.25,4703.95
4726.74,4736.49
4744.27,4729.91
4750.52,4720.48
4775.2,4783.76
4796.02,4778.99
4805.4,4793.72
4796.68,4790.18
4814.78,4794.01
4751.01,4806.8
4725.42,4721.84
4702.13,4694.4
4713.98,4722.17
4704.77,4709.79
4652.11,4662.56
4706.37,4658.93
4733.36,4708.22
4745.75,4759.69
4727.15,4746.16
4785.9,4716.78
4787.75,4741.47
4725.96,4696.58
4770.43,4734.51
4727.89,4724.27
4725.83,4741.71
4747.64,4768.95
4749.86,4768.58
4709.42,4708.06
4762.2,4725.54
4738.83,4744.51
4730.77,4719.74
4728.38,4722.87
4740.23,4719.33
4727.23,4774.05
4731.35,4720.73
4777.55,4795.28
4845.19,4805.24
4855.93,4888.02
4829.27,4780.92
4831.32,4851.81
4858.48,4843.79
4884.89,4849.84
4843.21,4848.85
4828.48,4839.8
4891.31,4845.06
4841.86,4860.21
4833.75,4873.21
4812.93,4817.25
4822.07,4807.3
4814.83,4779.81
4824.58,4816.27
4799.68,4841.28
4818.53,4778.08
4799.23,4787.59
4779.81,4787.96
4797.92,4794.09
4815.65,4781.91
4817.01,4798.74
4806.88,4802.44
4775.37,4794.71
4738.71,4741.71
4730.36,4711.68
4750.81,4742.13
4712.75,4756.28
4739.53,4710.36
4704.52,4721.72
4705.76,4711.19
4752.49,4706.87
4722.13,4714.81
4742.54,4718.55
4717.4,4731.02
4718.67,4726.82
4755.95,4718.92
4741.76,4712.91
4738.63,4753.11
4794.38,4741.3
4754.06,4745.91
4771.13,4756.85
4803.02,4785.16
4755.37,4784.5
4810.79,4795.04
4815.32,4781.62
4772.12,4803.47
4798.7,4760.52
4811.53,4768.13
4834.37,4824.58
4812.4,4801.62
4803.84,4797.26
4827.7,4780.39
4830.17,4800.88
4836.55,4811.66
4829.92,4764.92
4793.68,4802.69
4773.56,4780.06
4767.68,4757.76
4795.73,4799.03
4813.18,4800.18
4884.64,4813.38
4842.02,4878.47
4891.35,4864.11
4918.96,4893.53
4928.17,4893.53
5003.01,4985.77
5024.12,5011.12
5093.69,5044.73
5110.64,5085.67
5131.46,5067.81
5116.2,5097.72
5146.97,5177.83
5176.35,5115.42
5189.6,5171
5204.82,5131.54
5171.29,5191.49
5205.89,5160.96
5209.76,5153.88
5176.51,5173.63
5193.59,5150.02
5168.45,5180.5
5188.85,5166.72
5178.86,5158.78
5220.54,5143.89
5142.4,5114.92
5134.79,5176.1
5109.9,5103.57
5122.2,5112.04
5077.36,5095.38
5137.3,5115.87
5120.48,5086.25
5034.16,5080.32
5070.98,5034.2
5063.95,5007.46
5015.81,5014.29
5004.62,5014
5004.04,4983.39
4996.02,4948.91
4939.08,4953.64
4954.38,4939.2
4926.2,4979.77
4955.99,4973.1
4932.04,4901.14
4934.51,4915.75
4911.76,4933.69
4901.35,4918.71
4900.53,4910.15
4906.82,4898.63
4931.05,4938.71
4911.72,4887.15
4923.81,4904.93
4858.19,4882.67
4891.23,4844.82
4903.73,4914.35
4913.12,4902.38
4956.64,4866.21
4916.65,4904.56
4926.2,4894.6
4905.96,4895.55
4967.26,4899.54
4934.8,4992.77
4932.37,4910.65
4928.34,4943.15
4937.92,4873.37
4951.01,4918.26
4964.01,4866.42
4922.5,4903.82
4959.32,4919
4948.7,4924.64
4926.16,4897.11
4923.11,4922.66
4915.75,4946.44
4934.67,4903.08
4927.64,4911.8
4940.85,4899.62
4972.44,4952.16
4916.24,4912.29
4933.97,4911.22
4924.64,4910.56
4936.2,4976.72
4966.02,4930.89
4981.91,4939.53
4964.83,4979.36
4968.25,4908.01
4954.92,4932.04
4986.88,4939.2
4953.6,4986.76
4933.85,4984.05
4938.42,4938.58
4987.3,4955.9
4980.22,4970.39
4988.82,4910.69
4937.6,4938.21
4942.2,4938.05
4969.65,4929.37
4948.5,4917.44
4944.01,4876.66
4952.57,4978.53
4955,4912.33
4939.28,4906.16
4966.19,4894.56
4963.27,4904.48
4949.32,4954.96
4947.51,4906.41
4951.13,4929.24
4899.04,4927.1
4951.71,4947.22
4964.42,4949.49
4957.63,4927.27
4963.64,4956.81
4931.92,4918.13
4932.25,4905.54
4956.48,4906.29
5006.06,4945.54
4932.78,4884.69
4994.08,4923.61
4947.02,4921.26
4935,4912.5
4939.61,4899.83
4969.32,4923.57
4929.74,4881.68
4980.84,4917.56
4985.94,4913.03
4942.08,4899.29
4925.83,4934.92
4905.42,4908.26
4899.04,4833.59
4903.36,4900.61
4862.96,4900.94
4835.36,4876.75
4856.5,4847.53
4836.42,4886.7
4829.97,4839.39
4826.72,4808.49
4801.41,4796.6
4801.7,4798.33
4795.86,4810.01
4817.46,4802.03
4780.51,4804.38
4751.67,4785.9
4786.77,4777.76
4812.64,4817.46
4760.06,4813.18
4759.41,4796.93
4763.19,4759.57
4766.03,4731.14
4757.02,4791.17
4702.79,4710.24
4747.19,4756.28
4722.5,4759.57
4749.33,4730.36
4713.49,4740.36
4719,4749.53
4702.05,4703.04
4723.94,4712.58
4720.57,4671.52
4729.04,4718.39
4699.83,4704.77
4698.43,4668.23
4655.64,4578.17
4545.63,4545.87
4515.22,4483.58
4432.81,4388.01
4374.35,4374.47
4323.37,4292.02
4231.87,4231.17
4202,4210.93
4122.6,4143.79
4105.32,4118.15
4044.34,4018.92
3971.68,3957.45
3932.64,3911.37
3880.68,3881.38
3829.95,3819.62
3790.24,3747.79
3720.92,3712.69
3695.2,3698.99
3629.62,3628.18
3578.73,3609.92
3548,3572.31
3493.11,3521.75
3444.11,3461.1
3383.34,3417.57
3381,3419.59
3332.57,3373.92
3267.57,3305.21
3235.97,3281.6
3179.15,3240.21
3178,3076.66
3138.62,3019.68
3140.11,3165.98
3149.57,3199.52
3146.69,3214.53
3149.28,3210.75
3148,3185.53
3180.47,3167.3
3156.89,3229.3
3173.35,3214.16
3207.7,3245.43
3188.37,3249.05
3270.32,3309.7
3250.7,3277.32
3211.41,3306.94
3252.18,3295.34
3237.98,3302.41
3254.52,3299.16
3262.46,3314.34
3255.51,3315.99
3299.62,3321.55
3275.55,3309.45
3279.42,3337.01
3296.53,3311.55
3267.98,3312.25
3278.02,3299.33
3288.55,3450.53
3280.07,3391.53
3315.21,3337.63
3284.97,3338.99
3311.34,3377.5
3318.13,3354.95
3313.48,3350.59
3318.58,3349.36
3308.21,3344.83
3329.2,3366.02
3343.84,3360.47
3320.56,3369.19
3338.37,3406.83
3330.8,3394.33
3348.82,3363.02
3351.66,3395.64
3323.48,3385.97
3350.22,3402.8
3326.56,3370.75
3349.19,3386.67
3325.25,3396.88
3317.84,3419.79
3341.17,3426.67
3370.18,3389.64
3367.21,3354.38
3312.82,3371.95
3370.09,3378.65
3342.12,3413.29
3373.51,3409.59
3341.29,3387.62
3378.86,3422.84
3345.98,3408.56
3347.51,3406.09
3375.15,3412.72
3368.2,3400.09
3388.65,3417.2
3351.54,3406.83
3351.04,3431.4
3367.09,3424.24
3381.45,3434.15
3349.89,3413.62
3347.63,3428.19
3386.22,3428.39
3392.27,3425.51
3388.4,3426.17
3388.07,3383.26
3380.21,3416.01
3366.02,3437.16
3380.01,3430.24
3385.81,3432.26
3385.32,3429.42
3381.24,3433.21
3376.1,3421.97
3399.59,3438.97
3390.62,3455.22
3390.87,3438.97
3409.3,3440.16
3377.71,3429.38
3407.86,3436.42
3412.84,3446.37
3409.76,3438.39
3375.61,3428.72
3390.67,3425.23
3407.66,3434.85
3387.54,3433.95
3393.5,3452.3
3403.67,3434.15
3434.11,3411.2
3384.91,3440.2
3381.28,3434.11
3335.62,3366.88
3183.68,3224.53
3110.19,3055.6
3179.52,3106.61
3312.7,3421.65
3516.32,3689.94
3752.97,3939.22
3853.32,3961.93
4036.98,3962.39
4075.24,4129.43
4212.49,4254.95
4377.85,4352.63
4391.01,4439.48
4463.22,4470.17
4487.99,4485.27
4562.54,4565.42
4604.01,4585.49
4573.32,4556.32
4632.73,4630.26
4625.36,4626.68
4678.4,4680.7
4865.68,4925.66
5088.8,5161.12
5316.85,5319.24
5449,5417.65
5477.51,5389.92
5540.26,5459.16
5516.02,5390.04
5460.15,5448.1
5473.28,5485.74
5391.69,5390.91
5423.86,5327.51
5350.71,5274.68
5328.08,5295.25
5308.62,5272.46
5322.9,5267.07
5255.18,5178.65
5232.14,5236.25
5261.6,5229.34
5235.39,5222.59
5274.93,5158.41
5272.62,5224.53
5219.34,5247.28
5246.58,5173.71
5254.07,5193.79
5203.95,5154.09
5212.43,5174.7
5203.91,5145.2
5152.81,5136.11
5151.17,5106.73
5183.79,5136.48
5155.94,5104.27
5129.86,5099.33
5147.79,5135.53
5162.77,5132.74
5165.94,5186.76
5158.08,5151.7
5192.15,5177.33
5175.28,5167.42
5196.75,5194.2
5219.79,5168.65
5226.38,5202.97
5214.03,5178.98
5155.12,5176.64
5139.65,5063.53
5119.04,5078.26
5125.17,5153.8
5103.28,5055.1
5066.58,5045.35
5080.2,5076.16
5080.44,5027.86
5076.33,5096.12
5102.62,5040.74
5103.11,5098.79
5097.31,5060.49
5133.35,5116.2
5105.62,5038.93
5135.7,5134.55
5119.82,5106.82
5175.48,5178.82
5150.18,5116.4
5169.39,5126.89
5190.91,5173.3
5188.11,5142.28
5171.82,5154.62
5192.1,5130.35
5177.17,5127.55
5174.29,5115.7
5156.11,5112.99
5164.95,5161.66
5164.75,5140.72
5139.03,5126.15
5144.67,5173.55
5181.28,5142.45
5154.21,5154.75
5142.86,5133.02
5155.86,5161.58
5167.79,5159.31
5148.58,5150.51
5163.47,5206.55
5215.47,5186.06
5224.24,5185.48
5247.98,5184.33
5235.35,5219.14
5224.73,5226.01
5291.05,5269.66
5233.21,5213.21
5232.96,5215.84
5272.46,5260.03
5246.46,5241.72
5263.32,5219.09
5244.73,5214.77
5241.02,5218.97
5246,5247.4
5308.29,5227.69
5311.42,5289.04
5290.64,5262.99
5337.71,5299.74
5354.41,5250.77
5345.69,5287.23
5361.86,5326.03
5345.2,5316.64
5382.02,5331.99
5337.3,5336.02
5387.82,5335.28
5406.83,5314.26
5402.8,5388.56
5385.72,5377.45
5426.08,5390.21
5453.81,5425.43
5477.47,5423.16
5498.08,5415.47
5442.29,5462.78
5455.95,5441.14
5489.9,5481.05
5463.4,5421.64
5464.84,5405.23
5484.26,5379.68
5481.5,5400.91
5460.97,5450.81
5485.41,5460.44
5468.83,5431.76
5500.22,5436.08
5466.16,5459.2
5488.25,5426.25
5460.77,5400.82
5478.21,5389.8
5478.91,5496.64
5444.31,5389.18
5457.52,5393.87
5451.63,5403.37
5488.13,5471.18
5488.58,5460.64
5538.16,5455.79
5516.72,5464.72
5530.79,5438.3
5509.15,5426.78
5536.72,5458.83
5477.14,5490.1
5491.91,5531.82
5512.4,5447.89
5533.76,5463.07
5528.2,5461.59
5505.82,5450.85
5527.21,5474.14
5518.45,5487.72
5497.26,5452
5528.49,5489.12
5524.62,5486.89
5502.03,5440.9
5521.29,5440.36
5481.54,5480.8
5506.56,5451.92
5516.35,5403.7
5507.01,5480.23
5526.64,5470.77
5510.06,5465.83
5513.14,5481.87
5481.01,5343.72
5223.83,5145.08
5177.09,5127.55
5145.9,5132.53
5147.51,5109.04
5114.35,5123.23
5135.7,5117.27
5084.52,5094.97
5060.57,5044.85
5022.97,5047.45
4999.1,4992.69
4992.03,4944.22
4934.39,4906.99
4918.92,4938.21
4899.13,4849.06
4873.21,4833.83
4807.87,4827.99
4810.46,4808.61
4769.16,4737.35
4755.62,4781.79
4762.66,4724.31
4680,4670.37
4686.38,4698.14
4712.71,4693.45
4678.81,4690.82
4714.97,4734.8
4679.42,4683.54
4749.57,4728.96
4811,4813.71
4876.83,4845.85
4872.71,4884.23
4926.98,4917.76
4962.4,4961.83
5024.78,4986.35
5030.21,5007
5038.6,5008.32
5050.94,5062.34
5071.23,5073.94
5072.26,5106.77
5047.9,5057.61
5075.09,5048.02
5105.66,5038.15
5064.56,5075.96
5076.45,4998.2
5080.81,5052.75
5050.82,5033.33
5060.9,5034.82
5074.81,5050.74
5052.1,5035.84
5061.56,5065.01
5105.75,5048.39
5075.88,5039.26
5052.88,5018.98
5033.79,5034.08
5014.99,4972.07
5032.06,4976.43
4978.86,5028.97
5015.81,5008.28
4971.54,4949.73
4991.33,5003.18
4980.1,4967.22
4943.85,4975.16
4934.51,4910.89
4804.99,4751.05
4743.44,4755.62
4691.31,4705.14
4598.46,4620.3
4535.59,4563.07
4472.48,4496.26
4448.41,4435.32
4383.85,4378.67
4328.15,4320.25
4280.01,4288.77
4233.44,4202.41
4163.82,4142.47
4136.34,4107.09
4067.42,4080.34
4038.13,3998.8
3970.45,3956.63
3917.17,3926.3
3844.8,3896.23
3829,3837.27
3771.77,3770.33
3696.27,3754.29
3658.22,3707.88
3631.68,3629.21
3601.48,3655.3
3537.63,3573.75
3499.24,3522.08
3468.92,3558.03
3510.02,3530.72
3494.67,3547.75
3503.52,3548.57
3497.47,3548.16
3501.01,3555.11
3504.43,3546.76
3505.21,3574.16
3510.76,3547.21
3523.97,3575.27
3501.42,3575.56
3539.03,3572.68
3525.08,3588.77
3532.9,3517.51
3140.85,3055.47
2855.19,2668.81
2609.2,2529.46
2368.88,2297.21
2087.84,2054.84
1751.82,1849.49
1629.17,1660.61
1609.51,1668.47
1752.4,1796.63
1720.22,1801.07
1700.68,1802.14
2460.43,2436.97
2522.43,2414.59
2035.38,2107.38
1932.07,2140.42
2205.87,2224.84
2134.53,2216.12
2145.35,2202.13
2153.09,2175.26
2137.04,2216.28
2133.75,2186.21
2149.51,2194.11
2142.56,2209.54
2145.93,2211.26
2151.4,2199.13
2123.34,2227.47
2149.92,2200.9
2155.1,2187.15
2159.84,2216.2
2134.04,2204.15
2147.57,2229.28
2318.77,2247.72
2549.09,2706.83
2347.45,2429.24
2325.93,2351.93
2388.75,2381.43
2369.62,2431.79
2359.01,2443.68
2361.64,2414.84
2348.6,2414.67
2370.03,2389.25
2356.62,2421.22
2353.41,2414.8
2372.71,2417.6
2376.53,2399.66
2370.53,2439.07
2371.39,2395.75
2365.96,2420.68
2364.85,2424.88
2374.6,2403.03
2379.17,2425.37
2374.6,2435.37
2372.71,2412.16
2343,2424.67
2366.74,2392.46
2399.04,2473.51
3119.57,3223.83
2769.78,2863.38
2693.33,2716.5
2741.64,2779.24
2765.38,2810.8
2724.93,2806.97
2575.01,2725.06
2476.1,2492.19
2458.7,2445.37
2215.95,2210.03
2061.38,2141.77
2208.3,2275.16
2186.62,2294.58
2056.2,2078.17
1827.36,1936.51
1564.33,1656.7
1631.19,1661.35
1715.29,1739.81
1439.59,1472.46
1331.47,1378.12
1251.98,1286.54
1147.52,1243.71
1131.39,1278.6
1172.41,1303.04
1196.68,1322.5
1188.49,1333.03
1213.18,1330.97
1210.96,1331.63
1203.39,1325.62
1206.8,1321.55
1202.69,1316.74
1208,1325.25
1208.86,1321.43
1195.73,1336.53
1207.83,1338.46
1214.78,1340.19
1212.11,1330.03
1194.21,1302.75
1168.83,1284.85
1153.07,1280.53
1183.15,1278.23
1170.23,1303.41
1165.66,1291.97
1176.77,1288.18
1175.16,1296.12
1179.65,1301.02
1158.34,1277.4
1168.21,1300.69
1172.37,1282.38
1165.74,1277.32
1168.7,1287.36
1160.64,1286.62
1172.98,1277.12
1148.67,1282.63
1168.75,1280.61
1159.08,1285.96
1184.79,1290.45
1352.78,1401.53
1240.29,1314.14
1380.67,1401.45
1907.84,1994.32
1609.67,1661.72
1529.61,1524.18
1571.49,1566.93
2286.93,2271.21
2631.91,2663.51
1895.95,2121.45
1893.15,2035.25
2086.15,2084.83
2110.01,2128.28
1893.6,2054.8
1779.02,1805.97
1812.22,1884.51
1922.07,1970.7
1918.7,1997.4
1891.95,1975.27
1885.58,1941.65
1846.82,1882.37
1843.24,1909.89
1872.78,1923.72
1875.79,1930.71
1867.1,1940.96
1864.27,1926.39
1860.19,1921.33
1856.28,1927.3
1872.62,1932.4
1863.2,1931
1867.23,1926.76
1869,1937.79
1883.6,1927.91
1853.57,1930.83
1850.36,1923.88
1860.4,1935.4
1870.4,1933.22
1884.34,1936.31
1865.05,1939.06
1861.71,1907.67
1870.6,1924.46
1864.27,1937.01
1876.81,1930.05
1866.82,1952.52
1863.11,1942.77
1876.77,1936.39
1866.36,1932.89
1869.33,1937.66
1878.46,1920.38
1862.99,1922.93
1879.2,1936.55
1860.93,1939.19
1850.32,1919.48
1673.49,1754.91
1830.03,1867.1
1816.66,1872.74
1569.48,1559.77
1452.96,1506.12
1298.55,1363.52
1458.88,1532
1509.57,1580.5
1434.28,1542.53
1402.97,1472.09
1379.11,1459.42
1377.13,1441.77
1393.06,1464.07
1402.68,1467.03
1409.55,1495.79
1399.43,1474.93
1526.19,1534.92
2072.78,2050.68
1813.82,1957.17
1626.99,1700.72
1634.15,1690.77
1669.95,1730.72
1702.45,1766.39
1705.74,1780.62
1692.99,1755.32
1701.13,1760.96
1716.64,1780.79
1715.74,1778.07
1707.59,1766.84
1713.6,1767.33
1705.87,1773.22
1706.61,1764.91
1482.29,1534.01
1585.73,1633.08
1664.52,1732.69
1616.13,1705.12
1578.2,1654.11
1571.57,1640.37
1594.9,1631.52
1602.88,1659.5
1593.92,1682.87
1587.62,1650.49
1595.56,1665.05
1576.47,1657.52
1600.7,1668.71
1588.4,1669.17
1584.58,1649.21
1606.79,1668.59
1580.67,1670.4
1571.86,1655.79
1596.84,1653
1596.67,1669.08
1594.45,1663.94
1602.39,1661.8
1588.57,1663.98
1601.86,1655.42
1582.6,1660.24
1587.58,1639.63
1604.45,1669.91
1599.26,1676.32
1584.82,1636.95
1574.08,1640.16
1584.37,1654.27
1584.58,1680.73
1580.54,1642.18
1556.85,1619.84
1577.09,1631.15
1565.49,1651.35
1576.22,1643.08
1564.46,1606.67
1530.51,1602.72
1600.79,1677.35
1589.47,1661.27
1558.57,1617.57
1560.59,1606.75
1569.97,1639.25
1578.53,1654.19
1547.84,1606.3
1475.26,1561.04
1296.41,1340.06
1166.65,1219.68
1305.26,1324.96
1246.3,1346.65
1190.43,1306.49
1181.13,1293.9
1198.33,1286.04
1199.85,1311.06
1201.25,1297.44
1202.52,1300.9
1204.75,1315.54
1184.75,1296.86
1195.12,1305.79
1175.95,1294.56
1209.35,1296.82
1188.21,1298.47
1183.47,1298.76
1189.07,1290.61
1172.04,1307.85
1187.55,1287.4
1161.79,1286.37
1189.15,1290.61
1177.96,1279.38
1161.59,1293.57
1177.63,1273.21
1163.36,1281.56
1184.63,1286.83
1160.93,1271.07
1178.54,1258.72
1233.71,1297.89
2172.18,2406.98
2501.24,2583.11
2018.02,2064.75
1869.04,1830.65
1912.61,1860.23
1911.17,1952.72
1851.47,1956.18
1897.06,1960.25
1901.87,1970.5
1914.95,1982.39
1940.59,2007.44
1924.95,2003.49
1903.06,1983.17
1932.52,1977.98
1929.93,2020.36
1950.42,2016.25
1928.82,2024.93
1952.15,2009.42
1936.51,2022.17
1937.21,2000.41
1960.33,2024.56
1958.89,2039.95
1965.56,2028.38
1950.95,2020.98
1953.55,2021.51
1955.85,2035.58
1967.86,2043.11
1967.53,2039.29
1954.94,2033.77
1968.97,2032.42
1959.63,2028.75
1942.31,2033.69
1956.67,2067.92
1967.04,2032.79
1964.53,2043.81
1971.28,2030.61
1967.49,2035.54
1992.26,2035.21
1982.39,2057.84
1986.13,2059.16
1997.69,2042.04
1985.55,2063.03
1984.24,2069.61
1983.91,2060.72
2000.86,2057.76
1983,2052.45
1986.09,2066.15
1986.5,2061.67
2010.28,2060.35
1995.14,2047.31
1990.86,2064.43
1991.6,2068.66
2016.49,2085.94
1996.79,2067.88
2016.86,2087.14
2002.67,2090.59
1997.4,2055.33
2002.13,2080.88
2013.94,2085.78
1997.65,2096.64
2010.77,2094.29
2011.68,2088.74
2009.05,2094.34
2014.77,2073.48
2019.33,2074.3
2005.47,2072
1996.17,2084.54
2017.65,2099.44
2017.56,2110.75
2002.09,2084.79
2028.71,2107.01
2027.36,2090.39
2019.83,2114.62
2031.31,2095.61
2028.3,2093.97
2032.42,2106.8
2029.7,2115.28
2040.4,2106.39
2032.83,2138.98
2034.14,2110.92
2045.33,2132.43
2034.39,2122.15
2060.56,2127.74
2064.59,2121.24
2074.09,2139.47
2058.87,2138.77
2060.93,2135.23
2048.17,2114
2061.38,2131.49
2041.43,2116.27
2059.24,2121.37
2074.92,2142.72
2064.3,2136.14
2061.83,2123.34
2063.44,2108.61
2079.4,2145.35
2070.93,2145.85
2089.52,2163.78
2079.48,2138.89
2090.26,2151.57
2077.43,2125.77
2089.85,2152.51
2078.17,2153.33
2095.41,2149.26
2076.15,2141.9
2084.67,2150.7
2104.79,2142.35
2101.04,2176.62
2102.52,2164.2
2112.11,2165.27
2089.89,2165.14
2101.33,2171.48
2109.11,2166.91
2113.84,2185.22
2114.13,2186.66
2125.19,2172.88
2108.2,2185.59
2123.79,2194.72
2114.83,2180.49
2134.29,2190.12
2132.76,2191.19
2120.42,2188.35
2110.01,2194.81
2125.19,2202.05
2121.65,2188.96
2286.35,2290.26
2062.94,2223.11
2115.07,2190.08
2151.85,2211.8
2179.54,2220.85
2151.81,2216.32
2144.69,2205.05
2156.17,2207.52
2154.61,2222.33
2138.48,2220.77
2160.53,2218.38
2443.84,2471.7
2486.84,2551.19
2409.78,2526.58
2302.56,2412.12
2371.93,2407.23
2379.17,2429.65
2388.26,2456.39
2370.28,2457.38
2373.2,2435.49
2369.33,2436.77
2329.39,2400.93
2285.94,2315.73
2303.63,2368.27
2311.69,2368.31
2299.47,2388.55
2295.2,2375.14
2311.04,2372.26
2308.24,2371.31
2317.99,2385.92
2318.69,2367.28
2317.58,2361.68
2285.49,2358.27
2312.64,2372.38
2301.41,2379.74
2302.85,2378.84
2303.67,2373.74
2304.7,2380.77
2309.23,2373.98
2297.38,2375.26
2295.52,2366.37
2275.65,2361.81
2293.3,2371.1
2306.22,2351.77
2312.06,2379.25
2322.19,2375.84
2308.32,2368.43
2305.48,2354.85
2300.26,2363.86
2304.62,2376.04
2303.67,2375.75
2315.03,2375.14
2328.52,2381.51
2306.02,2366
2292.85,2340.41
2273.97,2341.36
2296.76,2367.94
2300.34,2359.46
2275.24,2331.07
2313.75,2366.66
2278.33,2355.26
2274.87,2360.98
2293.96,2329.8
2271.54,2348.72
2303.88,2334.9
2280.55,2358.02
2268,2341.6
2291.66,2338.48
2274.42,2346.34
2281.62,2319.43
2294.83,2353.04
2307.87,2362.83
2309.31,2356.91
2293.8,2348.35
2277.63,2322.93
2320.42,2347.69
2331.77,2350.41
2303.79,2348.52
2304.12,2350.7
2309.84,2349.09
2286.51,2372.01
2298.36,2356.17
2299.8,2364.48
2301.08,2355.31
2293.84,2353.62
2290.88,2339.34
2295.77,2330.58
2276.89,2350.82
2302.44,2362.46
2294.21,2364.15
2295.57,2340.41
2293.92,2344.81
2273.31,2331.48
2302.07,2365.43
2299.23,2336.54
2278.04,2339.79
2288.94,2329.88
2288,2343.79
2292.07,2340.25
2258.25,2334.16
2281.87,2308.36
2258.33,2343.7
2278.82,2331.77
1924.37,2011.8
1573.55,1639.79
1344.51,1411.61
1171.34,1251.28
1078.03,1167.18
1056.18,1179.03
1128.18,1250.37
1187.92,1303.16
1213.22,1326.32
1230.34,1338.91
1249.47,1350.31
1237.45,1357.1
1228.9,1369.77
1214.7,1337.23
1212.52,1339.08
1199.6,1320.36
1212.64,1319.49
1192.4,1310.98
1209.31,1311.31
1198.45,1321.67
1198.78,1315.46
1199.36,1308.55
1197.38,1302.54
1195.57,1306.86
1196.11,1303.78
1187.3,1309
1205.86,1311.35
1201.54,1297.52
1198.82,1310.15
1191.21,1302.67
1192.2,1289.66
1186.68,1312.05
1187.22,1302.42
1193.02,1285.39
1194.54,1295.09
1182.2,1292.71
1169.07,1299.95
1176.69,1296.41
1174.71,1284.07
1179.07,1283.37
1174.01,1284.27
1173.23,1279.21
1170.27,1283.74
1161.92,1278.64
1169.12,1285.55
1156.44,1285.88
1168.5,1287.65
1162.2,1278.76
1154.02,1270.29
1146.03,1264.36
1153.73,1255.47
1155.5,1273.04
1159.69,1266.67
1160.48,1258.89
1163.93,1281.93
1160.72,1261.07
1147.56,1271.48
1149.74,1272.75
1142.45,1270.53
1152.58,1262.18
1147.68,1264.28
1144.96,1260.16
1134.76,1247.41
1122.58,1225.15
1109.95,1201.95
1100.57,1191.99
1094.93,1220.21
1105.55,1207.79
1106.87,1218.45
1104.44,1218.61
1098.14,1214.13
1098.97,1207.54
1108.18,1209.85
1095.26,1218.36
1098.35,1210.46
1103.78,1204.33
1094.61,1217.79
1097.77,1200.47
1112.5,1217.38
1101.23,1220.34
1088.06,1200.63
1094.36,1203.31
1082.39,1204.25
1091.93,1202.28
1076.91,1198.9
1089.09,1193.76
1101.89,1211.41
1108.31,1189.36
1104.97,1201.41
1107.57,1186.35
1112.75,1195.49
1124.89,1180.47
1111.06,1185.49
1116.21,1186.4
1125.3,1197.75
1128.55,1172.37
1124.06,1152.66
1128.05,1173.31
1133.57,1170.51
1138.67,1185
1139.33,1177.63
1144.22,1182.86
1154.14,1171.63
1145.25,1173.23
1151.42,1158.46
1146.73,1178.83
1153.44,1184.96
1145.83,1162.74
1151.63,1181.79
1148.96,1176.19
1149.98,1160.15
1152.37,1177.34
1161.79,1173.6
1155.66,1178.78
1156.81,1171.79
1164.8,1166.44
1145.71,1152.21
1155.46,1167.51
1155,1182.16
1161.75,1190.22
1165.41,1180.68
1220.67,1211.78
1799.05,2041.59
2379.66,2340.91
2930.19,2856.14
3015.77,3117.89
2785.29,2770.07
2666.39,2603.07
2711.27,2657.25
2810.51,2878.48
2989.44,3103.98
3167.55,3188.41
3287.15,3344.21
3373.43,3407.41
3500.8,3517.22
3654.88,3698
3746.18,3804.81
3953.95,4018.51
4055.37,4089.64
4126.92,4141.77
4225.41,4235.58
4242.69,4294.16
4329.38,4375.3
4398.34,4450.63
4463.63,4489.26
4569.94,4568.05
4669.88,4703.29
4790.59,4817.54
4833.13,4894.56
4898.96,4908.26
5041.4,5076.33
5123.27,5153.55
5272.05,5346.88
5341.99,5334.09
5331.79,5373.54
5386.92,5406.91
5391.73,5449.95
5398.44,5466.49
5439.09,5471.59
5406.25,5447.64
5422.55,5434.15
5417.2,5416.75
5376.05,5410.94
5018.61,5103.44
4189.99,4220.19
3506.52,3479.41
2712.43,2574.43
2052.66,1917.79
1607.25,1674.64
2283.26,2320.66
2796.89,2839.76
2174.77,2252.57
2094.79,2158.77
2189.54,2217.44
2213.65,2239.2
2117.05,2253.76
2125.48,2243.68
2150.04,2220.19
2184.89,2235.87
2194.03,2230.07
2182.59,2226.36
2138.4,2205.67
2113.22,2189.62
2148.52,2196.7
2172.3,2216.32
2155.02,2214.19
2181.56,2217.48
2166.67,2229.41
2171.77,2214.23
2169.75,2207.23
2203.16,2222.29
2166.91,2235.95
2184.27,2229.53
2169.92,2235.87
2175.47,2235.09
2174.69,2213.32
2174.85,2221.63
2183.49,2237.27
2177.81,2241.13
2180.04,2227.89
2190.49,2210.07
2204.72,2236.44
2186.99,2247.02
2186.45,2227.39
2156.3,2233.6
2180.32,2252.74
2192.09,2245.33
2167.73,2246.03
2183.62,2249.12
2202.17,2264.05
2207.27,2258.29
2207.77,2244.1
2196.62,2263.06
2203.16,2252.53
2212,2257.39
2217.39,2252.16
2023.24,2153.62
1939.68,1957.58
2124.74,2193.08
2090.8,2186.99
2013.04,2099.31
1964.08,2032.13
2019.74,2037.85
2030.85,2099.19
2020.9,2099.81
2028.63,2078.45
2036.45,2112.11
2044.02,2091.79
2037.23,2092.07
2041.34,2070.39
2034.14,2098.74
2020.53,2100.96
2068.05,2094.17
2033.81,2101.25
2056.07,2096.8
2054.14,2090.96
2038.63,2103.68
2065.45,2110.63
2060.56,2108.32
2045.29,2092.36
2055.91,2101.78
2070.47,2105.81
2065.49,2115.36
2084.96,2128.4
2061.67,2111.66
2063.4,2114.58
2081.79,2099.23
2062.49,2113.18
2063.64,2125.03
2056.53,2110.51
2075.86,2124.95
2082.73,2127.7
2055.87,2119.1
2079.03,2117.09
2065.49,2129.51
2068.7,2142.27
2085.33,2124
2085.78,2135.4
2084.01,2138.32
2104.95,2124.66
2068.29,2147.95
2077.43,2136.47
2092.36,2126.51
2067.92,2153.09
2094.54,2151.15
2099.4,2126.39
2091.29,2157.86
2069.77,2146.55
2107.91,2147.12
2082.65,2134.08
2101.66,2132.15
2088.7,2154.9
2092.85,2155.8
2105.98,2128.48
2103.63,2157.98
2110.42,2153.95
2094.21,2165.6
2116.14,2145.68
2112.6,2173.37
2102.65,2148.85
2106.97,2158.93
2109.39,2170.86
2103.63,2166.75
2100.96,2169.09
2109.23,2151.52
2117.38,2149.76
2107.5,2173.54
2119.56,2156.34
2113.59,2168.72
2117.54,2170.66
2112.73,2170.9
2121.53,2169.71
2131.16,2156.87
2088.45,2162.72
1671.84,1729.73
1451.07,1553.47
1363.64,1451.52
1349.98,1387.87
1424.74,1478.92
1476.78,1550.59
1482.83,1582.35
1482.21,1562.85
1368.29,1372.77
1198.99,1245.31
1152.33,1201.66
1091.6,1140.97
1052.76,1162.86
1170.19,1286.5
1201.87,1317.02
1217.71,1335.95
1221.2,1331.05
1223.18,1312.13
1229.1,1308.01
1229.51,1325.87
1227.21,1313.36
1233.63,1297.73
1242.72,1323.4
1241.24,1303.36
1237.45,1307.93
1218.36,1278.43
1208.65,1287.77
1203.02,1279.3
1210.71,1279.38
1203.14,1294.48
1198.74,1264.4
1193.51,1266.34
1192.53,1292.21
1219.97,1269.83
1239.26,1275.51
1224.45,1284.52
1226.84,1293.08
1219.89,1298.1
1233.26,1286.41
1240.75,1295.47
1248.23,1302.5
1252.39,1272.8
1247.62,1295.47
1252.59,1295.47
1249.71,1304.06
1260.21,1279.75
1257.12,1299.95
1261.15,1292.67
1268.39,1300.16
1253.38,1297.73
1267.04,1296.49
1272.55,1295.05
1256.38,1294.81
1277.24,1298.43
1274.56,1307.11
1272.47,1322.33
1280.9,1303.41
1289.71,1302.87
1283.99,1316.53
1278.64,1309.25
1294.23,1324.18
1292.21,1324.72
1286.62,1317.68
1292.91,1336.44
1283.95,1320.81
1300.24,1334.76
1299.7,1336.61
1309.66,1332.53
1302.13,1333.15
1314.84,1325.13
1296.04,1340.43
1308.05,1337.6
1298.26,1348.09
1305.5,1358.54
1309.45,1349.32
1302.5,1339.04
1312.99,1351.25
1318.13,1334.02
1312.91,1333.65
1327.93,1334.92
1318.01,1345.25
1325.58,1355
1321.43,1351.05
1325.87,1357.51
1308.88,1370.1
1340.6,1362.82
1325.79,1349.32
1316.61,1362.16
1322.45,1356.85
1320.77,1361.83
1312.87,1366.77
1318.46,1359.73
1323.44,1354.22
1323.28,1368.41
1329.08,1353.76
1323.81,1359.2
1331.05,1357.63
1319.29,1359.2
1309,1369.23
1320.93,1358
1326.49,1353.52
1325.71,1365.7
1330.81,1353.23
1330.19,1362.57
1331.67,1367.63
1322.99,1364.01
1321.8,1378.45
1336.85,1363.64
1318.83,1356.64
1352.41,1365.98
1321.88,1381.29
1327.27,1371.37
1322.87,1366.64
1320.85,1379.52
1332.86,1371.7
1335.33,1370.63
1333.44,1366.31
1345.7,1376.23
1326.57,1363.15
1332.99,1376.8
1342.61,1381.45
1335.33,1380.51
1327.72,1371.5
1341.26,1382.48
1340.89,1375.16
1341.71,1386.43
1339.2,1371.46
1344.67,1376.97
1362.53,1367.92
1364.5,1387.34
1342.33,1393.1
1348.91,1384.87
1340.31,1396.14
1331.42,1376.52
1353.07,1385.65
1359.36,1383.22
1349.12,1391.66
1345.74,1366.23
1345.12,1390.96
1349.98,1397.75
1357.14,1408.2
1344.3,1391.49
1351.54,1401.16
1346.19,1386.84
1359.2,1394.99
1352.98,1400.3
1350.56,1389.11
1368.58,1397.54
1346.69,1393.18
1370.8,1379.68
1364.17,1403.71
1372.44,1396.47
1364.26,1408.85
1364.75,1406.63
1357.26,1387.34
1364.75,1403.71
1366.35,1402.85
1364.54,1389.56
1359.77,1396.92
1366.19,1414.37
1363.19,1411.57
1376.39,1396.31
1382.69,1408.4
1363.84,1398.94
1372.69,1402.4
1373.51,1419.39
1368,1402.68
1370.3,1411.41
1393.06,1413.67
1368,1427.16
1355.53,1405.28
1380.75,1427.62
1393.76,1418.81
1369.15,1396.96
1374.25,1402.03
1384.79,1397.33
1381,1419.47
1377.79,1417.12
1366.19,1404.37
1379.27,1409.1
1376.31,1420.75
1381.7,1420.33
1379.6,1430.5
1380.22,1418.48
1385.77,1423.87
1387.79,1438.35
1394.29,1424.57
1400.87,1436.46
1378.37,1426.83
1376.23,1425.11
1388.37,1431.94
1376.02,1425.19
1388.57,1423.46
1383.96,1429.8
1388,1431.57
1393.88,1425.68
1493.07,1503.81
2408.34,2522.43
3004.91,3011.41
3683.27,3569.02
4279.76,4250.43
3593.62,3600.62
3297.76,3350.26
3304.47,3393.46
3321.05,3431.48
3380.42,3442.09
3353.35,3473.73
3452.96,3488.21
3674.67,3689.81
3736.18,3826.61
3730.79,3812.91
3780,3805.84
3857.39,3899.19
3878.74,4021.76
3953.5,3954.03
3999.33,4124.04
4118.32,4271.16
4191.35,4280.34
4184.31,4303.79
4323.66,4378.22
4304.04,4413.56
4377.06,4500.37
4388.75,4546.57
4548.88,4695.1
4662.93,4753.03
4633.8,4754.06
4612.77,4746.69
4627.05,4761.46
4615.24,4677.74
4638.03,4696.29
4611.54,4709.79
4642.15,4710.65
4612.77,4644.95
4610.14,4669.88
4610.59,4705.76
4648.07,4666.01
4605.9,4695.8
4604.46,4669.88
4629.81,4690.82
4654.61,4707.65
4573.03,4704.69
4632.11,4681.07
4569.24,4683.62
4576.9,4628.69
4553.9,4625.94
4522.92,4611
4500.21,4533.28
4477,4524.89
4434.83,4556.41
4438.57,4531.56
4475.35,4526.46
4501.15,4599.57
4571.63,4620.14
4601.29,4692.18
4706.21,4775.62
4727.68,4760.68
4738.38,4835.36
4758.67,4816.02
4745.66,4791.46
4654.08,4734.14
4611.58,4685.51
4545.46,4624.46
4494.49,4576.57
4472.23,4570.48
4501.07,4546.04
4480.38,4564.92
4468.2,4540.77
4464.21,4526.21
4468.28,4555.75
4489.92,4547.89
4547.23,4611.95
4581.83,4666.92
4600.18,4654.49
4660.42,4705.06
4698.8,4751.42
4661.81,4789.65
4698.35,4761.22
4635.98,4684.61
4570.07,4655.6
4585.87,4657.95
4510.29,4573.81
4460.54,4542.58
4463.18,4493.83
4376.32,4452.73
4402.37,4467.87
4396.11,4435.82
4374.39,4440.05
4258.53,4400.39
4183.41,4275.11
4132.68,4198.96
4165.59,4270.71
4150.33,4201.18
4178.14,4239.11
4131.73,4215.04
4163.66,4218.54
4116.14,4225.82
4153.37,4207.84
4222.57,4298.07
4306.75,4363.12
4318.44,4393.65
4374.97,4478.65
4395.87,4504.24
4442.85,4519.87
4501.11,4557.48
4467.25,4534.93
4475.64,4532.34
4418.58,4506.38
4417.59,4488.85
4390.85,4484.04
4363.28,4464.74
4306.42,4391.51
4290.25,4360.81
4256.93,4358.3
4284.66,4348.68
4259.27,4349.01
4268.98,4334.44
4282.93,4375.13
4305.11,4342.96
4297.17,4375.21
4328.6,4394.63
4336.62,4445.32
4367.31,4411.63
4334.93,4442.24
4357.89,4405.66
4397.31,4452.15
4371.18,4447.5
4354.72,4439.89
4372.66,4442.98
4394.59,4461.2
4370.81,4465.32
4377.93,4494.2
4391.51,4459.47
4366.82,4477.13
4411.09,4482.68
4400.56,4487.7
4400.97,4476.88
4426.35,4496.87
4426.52,4501.85
4501.6,4522.46
4489.14,4533.57
4476.34,4573.36
4474.74,4582.29
4551.39,4606.81
4601.95,4711.97
4703.95,4776.23
4724.19,4833.3
4740.64,4814.13
4765.33,4807.79
4764.96,4837.08
4754.06,4816.27
4760.23,4823.96
4683.46,4791.66
4643.96,4699.83
4643.3,4715.96
4682.72,4710.65
4638.03,4680.66
4593.11,4676.46
4553.03,4650.13
4498.72,4548.71
4438.12,4538.14
4358.1,4457.05
4259.4,4347.44
4168.14,4215.46
4141.11,4185.38
4112.23,4205.75
4109.35,4206.57
4100.46,4166.7
4145.55,4197.64
4153.49,4187.73
4145.39,4249.6
4135.1,4236.48
4204.55,4269.89
4325.64,4398.17
4324.03,4408.95
4384.96,4463.92
4375.42,4451.08
4419.69,4492.72
4443.02,4506.79
4405.04,4492.64
4416.81,4528.02
4401.38,4508.23
4230.31,4187.93
3179.77,3193.3
2219.33,2331.24
1833.08,1959.02
1737.3,1839.99
1698.91,1742.32
1600.66,1652.21
1522.41,1610.45
1456.42,1557.59
1390.75,1433.75
1336.77,1376.68
1277.94,1321.76
1191.41,1264.4
1172.78,1354.96
1324.43,1483.69
1372.16,1479.41
1385.36,1473
1368.49,1460.04
1369.32,1439.01
1361.95,1462.01
1375.36,1463.86
1377.17,1477.32
1380.1,1446.5
1364.05,1465.51
1376.76,1460.74
1380.18,1482.42
1381.04,1473.45
1387.75,1446.99
1386.56,1478.72
1400.3,1484.19
1391.53,1449.13
1394.95,1454.77
1380.51,1444.98
1369.93,1436.87
1360.18,1438.44
1372.69,1444.48
1382.56,1453.99
1386.51,1445.92
1385.81,1442.02
1400.38,1441.07
1398.32,1434.82
1395.73,1437.74
1407.41,1428.69
1416.22,1432.18
1414.04,1447.9
1424.9,1455.84
1426.46,1448.43
1425.85,1456.25
1445.23,1460.41
1426.75,1463.9
1443.62,1469.71
1447.36,1500.64
1477.19,1534.96
1479.04,1519.12
1488.26,1481.06
1500.11,1478.72
1521.92,1492.09
1520.06,1497.6
1507.8,1503.11
1518.09,1501.39
1508.91,1501.3
1494.31,1505.83
1502.08,1497.89
1523.68,1496.08
1525.04,1479.74
1511.79,1499.78
1543.52,1503.65
1537.47,1500.4
1547.22,1513.6
1548.21,1513.03
1543.06,1520.23
1548.25,1503.73
1547.71,1493.12
1532.53,1526.73
1547.34,1519.45
1554.79,1499.66
1549.97,1497.48
1549.03,1488.22
1537.63,1518.01
1552.73,1527.26
1551.04,1505.33
1545.7,1501.14
1543.97,1522.94
1551.58,1507.97
1547.96,1517.43
1548.99,1516.77
1554.75,1509.37
1553.14,1498.42
1547.05,1513.4
1565.98,1544.75
1600.17,1576.39
2675.56,2555.59
3256.87,3061.32
3783.33,3690.51
4478.93,4514.44
3760.79,3779.63
3694.18,3651.39
3754,3830.32
3857.8,3828.51
3602.84,3609.26
2968.21,3040.42
2684.28,2688.97
2349.17,2380.77
2120.21,2107.46
1935.03,1895.74
1768.65,1747.38
1639.71,1600.54
1511.59,1529.77
1448.97,1402.44
1369.56,1352.65
1362.9,1335.79
2434.09,2539.46
3076.95,3178.74
3914.45,3900.22
4145.72,4469.35
2967.51,3539.19
2384.8,2827.63
1928.69,2120.01
2334.9,2123.18
2769.66,2707.9
3090.03,3115.25
3084.85,3086.08
2966.4,2966.56
2922.79,2934.35
2921.97,2917.93
2909.38,2922.71
2917.28,2940.36
3049.39,3052.39
3111.14,3126.9
3290.93,3317.02
3274.23,3266.25
3255.55,3259.5
3242.8,3251.93
3291.68,3313.44
3368.86,3348.41
3383.42,3354.71
3348.29,3334.46
3345.78,3352.9
3343.02,3345.12
3356.02,3364.91
3349.15,3383.67
3393.01,3389.51
3413.13,3417.53
3417,3417.65
3566.43,3563.26
3934.53,3834.68
4360.73,4304.57
4395.66,4427.63
4342.59,4307.62
4367.03,4386.57
4353.98,4401.22
4364.64,4369.45
4385.25,4404.59
4348.02,4389.7
4360.53,4432.57
4355.59,4374.64
4360.4,4395.87
4406.93,4407.22
4370.36,4456.02
4374.56,4385.33
4302.35,4315.56
4284.29,4270.92
4267.21,4310.29
4294.24,4305.48
4288.16,4280.26
4249.81,4285.52
4243.76,4290.05
4223.97,4252.73
3961.73,3952.18
3898.61,3914.04
3951.94,3993.16
3904.99,3920.63
3905.36,3938.98
3907.05,3947.16
3898.24,3917.01
3904.25,3900.43
3912.77,3924.45
3909.68,3911.9
3912.77,3882.69
3891.95,3901.37
3897.26,3884.54
3899.56,3900.88
3875.2,3915.32
3875.95,3907.38
3881.25,3875.9
3921.86,3888.7
3886.19,3900.01
3904.17,3924.78
4017.35,4019.57
4036.48,4036.9
3677.84,3689.9
3576.88,3671.38
3171.7,3236.96
3199.35,3250.86
2945.83,2866.79
2819.03,2866.88
2647.13,2654.04
2562.38,2564.19
2453.8,2501.73
2321.32,2260.76
2022.79,2083.97
1889.73,1845.71
1780.75,1763.67
1720.14,1690.85
1669.7,1622.35
1604.41,1571.66
1509.2,1520.93
1433.99,1411.61
1371.66,1348.5
1329.98,1292.46
1323.03,1368.49
1470.24,1473.45
1495.21,1502.45
1475.71,1493.2
1486.08,1489.21
1480.73,1480.48
1484.43,1489.54
1481.47,1488.43
1488.14,1489.12
1491.55,1503.4
1485.75,1499.66
1488.71,1499.49
1510.03,1492.29
1491.31,1497.23
1485.09,1503.73
1494.56,1496.65
1493.9,1482.91
1492.79,1484.85
1507.39,1485.83
1491.8,1458.97
1510.77,1473.16
1497.27,1483.36
1515.21,1475.26
1507.52,1454.19
1525.95,1477.89
1522.08,1491.92
1515.66,1480.16
1518.75,1496.61
1521.96,1481.76
1534.3,1489.74
1529.16,1502.45
1534.18,1511.79
1530.88,1510.11
1537.1,1506.94
1541.95,1497.97
1533.81,1502.99
1539.65,1512.12
1537.71,1507.31
1550.18,1509.57
1561.62,1507.97
1544.34,1525.25
1543.8,1505.95
1551.17,1510.07
1562.28,1499.08
1545.16,1518.62
1545.33,1524.34
1555.78,1494.84
1557.87,1516.32
1562.89,1510.97
1556.43,1525.74
1569.19,1525.04
1556.35,1501.06
1560.71,1522.82
1566.31,1516.53
1568.94,1525.66
1569.81,1524.71
1564.42,1505.99
1562.52,1517.47
1568.32,1508.79
1558.66,1510.6
1564.75,1512.08
1559.4,1529.16
1560.63,1552.53
1581.16,1508.75
1571.95,1519.12
1580.42,1523.27
1587.25,1524.51
1581,1522.53
1584.04,1528.62
1587.79,1537.8
1593.05,1539.61
1591.36,1532.08
1592.23,1531.67
1577.33,1543.43
1594.78,1540.88
1586.84,1554.95
1595.11,1543.84
1587.62,1527.84
1594.2,1546.03
1596.51,1536.97
1598.61,1551.04
1585.69,1550.84
1586.14,1541.21
1595.64,1547.01
1581.82,1529.36
1595.6,1541.95
1584.53,1551.99
1590.29,1553.68
1572.52,1538.91
1601.36,1558.2
1582.31,1549.93
1585.07,1553.18
1602.39,1536.03
1581.94,1547.34
1598.77,1564.75
1602.1,1566.64
1588.69,1544.63
1601.12,1565.73
1586.67,1561.78
1604.24,1537.59
1588.32,1540.14
1600.5,1556.02
1601.44,1552.4
1607.33,1551.41
1595.23,1565.53
1598.19,1557.71
1593.13,1568
1596.59,1529.2
1615.43,1546.27
1611.07,1561.45
1591.32,1565.94
1597.45,1534.09
1607.7,1556.15
1611.85,1564.25
1593.96,1572.97
1609.92,1558.49
1587.04,1548.04
1607.41,1555.04
1601.65,1554.01
1596.26,1566.6
1596.88,1546.97
1606.88,1557.83
1605.19,1565.07
1607.29,1553.97
1592.72,1552.44
1745.61,1719.98
2836.64,2808.08
3418.64,3281.6
4357.03,4087.34
4159.95,4443.43
3237.33,3227.78
2598.01,2641.29
2342.22,2363.9
2743.65,2524.94
3542.89,3479.9
3711.91,3605.14
3328.75,3239.22
3242.39,3230.66
3222.8,3221.24
3118.96,3092.13
2844.91,3042.14
2856.05,2957.43
2960.89,2943.15
2961.3,2931.31
2931.47,2959.32
2941.18,2956.28
2970.6,2988.45
2953.07,2979.61
2989.15,2969.12
2971.38,2971.25
2979.57,2950.23
2950.48,2959.69
2912.01,2895.51
2848.81,2853.3
2849.14,2843.47
2864.37,2877.16
2793.02,2797.92
2791.42,2786.98
2815.45,2818.57
2821.37,2806.11
2770.4,2800.22
2701.69,2698.15
2641.74,2656.96
2630.02,2627.47
2562.13,2555.05
2533.54,2546.04
2464.79,2469.48
2517.57,2508.4
2514.24,2512.64
2483.22,2527.65
2507.29,2497.95
2408.91,2434.96
2435.62,2450.84
2459.93,2487.04
2463.72,2463.18
2463.76,2465.98
2498.36,2501.24
2527.32,2528.1
2531.23,2523.5
2653.01,2612.94
2701.32,2687.9
2662.4,2654.95
2634.71,2650.09
2656.92,2640.75
2643.18,2648.78
2631.99,2621.29
2484.95,2456.15
2204.27,2166.42
1938.2,2006.29
1855.71,1853.44
1730.06,1784.24
1615.89,1650.28
1595.23,1608.81
1879.65,1768.36
2277.26,2318.94
2317.87,2343.66
2128.03,2089.23
2025.42,2027.85
2124.74,2107.42
2330.45,2309.76
2471,2456.48
2431.79,2438.7
2329.43,2406.82
2346.62,2349.67
2319.18,2341.85
2343.25,2345.51
2324.24,2340.37
2277.92,2279.97
2112.32,2078.04
2032.79,2016.78
1990.04,2007.52
2020.28,2010.86
2086.35,2078.21
2035.34,2044.68
1745.16,1745.94
1609.55,1647.24
1525.66,1547.18
1474.85,1475.47
1401.49,1410.87
1502.08,1493.53
1576.14,1574.83
1693.93,1722.08
1994.93,1964.12
1937.58,1974.73
1801.6,1860.07
1728.95,1795.56
1727.42,1768.32
1739.4,1754.33
1749.27,1771.9
1867.39,1859.66
2072.49,2074.42
2199,2215.87
2106.93,2070.23
1784.16,1797.2
1685.87,1690.35
1791.81,1799.47
1848.3,1853.16
1689.33,1736.48
1636.7,1665.59
1675.05,1721.91
1840.81,1860.56
1915.57,1940.21
1863.07,1899.44
1667.56,1632.63
1475.34,1455.18
1426.79,1412.19
1599.14,1403.34
1618.27,1564.42
1599.63,1601.07
1694.22,1765.77
1987.49,2145.39
2435.37,2573.44
2435.2,2704.65
2218.18,2308.81
2063.81,2131.82
2103.39,2060.15
2137.21,2011.27
1967.82,1942.64
1881.34,1938.16
1879.57,1919.4
1857.27,1893.68
1797.82,1824.32
1690.56,1730.59
1671.76,1721.91
1693.28,1719.36
1744.37,1736.48
1760.42,1787.25
1772.11,1784.86
1772.23,1792.31
1761.2,1791.98
1768.03,1791.36
1761.24,1788.44
1753.26,1787.29
1728.16,1784.57
1745.9,1758.2
1755.85,1749.97
1763.01,1772.27
1725.45,1745.32
1586.43,1654.48
1625.55,1622.92
1677.44,1679.2
1729.6,1742.48
1986.79,1979.55
2175.84,2216.45
2342.76,2361.23
2257.3,2269.73
2141.03,2105.49
3038.11,2665.4
4549.17,4375.71
4690.78,4688.02
3763.79,3830.4
3861.87,3780.53
3875.29,3877.55
3714.5,3722.28
3741.24,3783.99
3771.65,3791.23
3793.99,3790.24
3792.01,3848.63
3861.42,3845.33
3865.17,3864.55
3851.88,3893.27
3891.17,3900.8
4010.32,4057.59
4113.13,4156.62
4099.02,4176.21
4057.26,4091.08
3775.89,3824.85
3763.58,3798.43
3412.35,3514.46
3058.68,3053.66
3078.8,3113.49
2861.24,2737.56
2442.65,2535.76
2319.51,2361.15
2118.9,2123.71
1964.69,1973.91
1896.03,1908
1720.18,1786.3
1630.9,1629.96
1544.17,1560.22
1474.31,1482.87
1410.67,1421.32
1543.1,1407.54
1591.82,1546.6
1600.79,1630.08
1607.7,1597.33
1596.18,1619.63
1600.05,1592.85
1614.08,1603.34
1618.97,1604.57
1619.96,1601.12
1635.63,1593.63
1621.89,1626.83
1615.31,1615.93
1650.45,1623.66
1633.37,1605.76
1646.29,1615.8
1648.22,1624.65
1641.64,1625.35
1623.7,1632.18
1652.54,1619.38
1640.82,1608.97
1652.71,1603.83
1661.47,1636.05
1649.46,1643.78
1654.68,1617.2
1649.95,1622.06
1654.15,1621.4
1673.03,1632.71
1645.55,1635.84
1668.88,1643.49
1675.21,1631.4
1662.79,1623.99
1655.84,1637.32
1662.71,1643.7
1668.43,1646.54
1682.91,1648.47
1684.1,1636.5
1676.41,1658.67
1693.93,1655.71
1682.37,1660.61
1691.26,1645.67
1685.05,1673.61
1682.13,1653.04
1684.18,1659.5
1696.69,1661.76
1676.53,1646.21
1704.92,1647.98
1690.15,1654.23
1684.1,1655.59
1700.35,1669.74
1706.03,1669.66
1674.27,1666.57
1692.37,1665.13
1680.23,1671.47
1713.02,1667.27
1715.16,1671.02
1698.79,1676.69
1702.24,1666.7
1692.91,1659.33
1710.51,1664.56
1696.98,1682.13
1708.79,1662.67
1689.28,1680.93
1704.8,1667.03
1706.48,1672.37
1711.38,1666
1711.34,1672.79
1706.93,1667.36
1773.87,1681.96
2057.14,2190.4
1958.77,2069.86
1871.09,1891.67
1816,1844.8
1798.68,1822.96
1822.26,1830.03
1880.06,1831.97
1864.84,1826.87
1872.21,1865.83
1872.29,1877.76
1877.8,1864.22
1875.74,1858.13
1872.58,1870.31
1853.9,1884.34
1859.45,1876.48
1848.34,1863.81
1854.31,1865.5
1851.02,1868.01
1839.79,1876.61
1845.55,1854.14
1844.31,1856.37
1832.91,1836.74
1834.77,1866.69
1857.89,1840.65
1843.69,1845.96
1853.81,1833.82
1826,1860.07
1839.99,1845.67
1837.69,1859.62
1845.22,1841.76
1837.32,1866.94
1840.24,1836.82
1850.44,1868.87
1833.08,1857.76
1851.26,1844.48
1840.57,1850.28
1859.16,1880.19
1858.09,1843.04
1839.37,1869.74
1840.77,1851.84
1852.37,1858.63
1881.59,1876.28
1878.42,1871.55
1873.77,1866.9
1897.34,1874.51
1887.76,1886.36
1854.14,1875.09
1857.48,1885.95
1846.24,1881.71
1863.28,1864.43
1842.29,1878.34
1842.21,1884.75
1846.45,1871.09
1854.6,1884.88
1867.23,1887.84
1848.88,1883.36
1847.68,1892.41
1852.54,1882.37
2166.25,2105.94
3345.45,3383.51
3269.79,3269.71
2742.21,2643.88
2236.53,2280.8
2094.25,2028.47
1704.18,1891.3
1765.52,1763.79
2848.9,2878.44
3527.55,3839.33
3579.84,3576.38
3299.45,3310.31
3179.64,3220.33
3169.4,3235.23
3040.46,3191.2
3086.7,3155.86
3678.09,3752.97
3595.72,3705.49
3400.87,3477.85
3183.63,3259.5
3161.95,3119.99
3139.28,3187.46
3665.17,3586.92
4142.18,4152.14
3695.57,3746.92
3455.67,3510.19
3545.44,3551.82
3396.8,3460.73
3424.24,3430.04
3317.97,3354.87
3289.66,3326.19
3353.84,3381.12
3335.12,3391.12
3162.2,3196.06
3130.56,3186.84
3309.45,3328.42
3433.91,3485.29
3414.12,3461.84
3490.27,3568.4
3907.63,3979.71
3808.96,3870.06
3768.93,3813.12
3889.15,3913.67
3942.68,3957.86
3902.28,3913.01
3587.74,3663.98
3464.02,3491.67
3528.58,3587.66
3529.28,3624.15
3352.53,3388.73
3244.11,3315.54
3292.42,3316.77
3390.05,3359.89
3423.46,3470.11
3679.36,3737.09
3630.08,3684.51
3630.28,3614.28
3688.42,3717.71
4090.38,4159.87
3906.6,3904.42
3552.11,3655.13
3614.73,3617.86
3814.68,3858.58
3730.22,3844.92
3400.7,3457.32
3469,3477.68
3764.61,3762.68
3638.84,3684.43
3543.39,3580.05
3534.29,3553.3
3530.22,3572.31
3570.58,3595.56
3416.58,3405.56
3290.19,3340.96
3364.09,3406.67
3490.81,3570.21
3404.98,3470.07
3378.08,3465.5
3331.25,3405.52
3181.91,3221.36
3151.79,3209.72
3157.71,3249.26
3170.47,3239.3
3177.96,3210.99
3158.04,3223.01
3259.34,3237.78
3462.99,3504.55
3809.05,3977.77
3581.73,3650.65
3451.97,3449.71
3478.83,3529.81
3663.77,3691.01
3690.84,3792.88
3513.72,3572.89
3539.85,3640.69
3493.19,3615.68
3323.73,3389.84
3312.74,3400.62
3398.81,3450.73
3468.14,3494.18
3815.18,3844.88
3852.62,3835.58
3597.61,3722.24
3520.35,3527.59
3564.86,3648.18
3684.1,3733.51
3622.5,3684.84
3625.51,3675.79
3642.83,3745.44
3875.78,3937.41
3974.03,4043.68
3776.21,3873.19
3611.03,3645.59
3724.99,3784.07
3832.05,3900.22
3748.11,3817.07
3696.11,3770.21
3716.68,3740.63
3754.57,3811.89
3643.9,3703.15
3659,3719.07
3656.69,3735.03
3584.94,3703.68
3645.3,3725.98
3667.31,3735.52
4029.86,4083.51
3931.08,4031.71
3731.95,3816.91
3664.18,3678.75
3652.33,3721.21
3481.76,3506.19
3438.64,3474.1
3458.72,3502.82
3424.11,3487.39
3261.27,3293.16
3330.47,3377.42
3383.88,3419.47
2978.41,3049.84
3080.04,3127.23
3203.01,3197.46
3438.39,3503.97
3279.83,3381.41
3109.66,3142.82
3506.32,3675.33
2849.18,2816.02
2419.53,2465.2
2227.52,2256.56
2105.94,2193.78
